outlier_no,subset_size,subset,node,data type,index_first_element,index_last_element
1,3,"[4, 7, 7]",10 R,CURRENT_icmp_recv,3,5
2,3,"[4, 7, 7]",10 R,CURRENT_icmp_recv,4,6
3,3,"[3, 7, 7]",10 R,CURRENT_icmp_recv,5,7
4,3,"[4, 5, 5]",10 R,CURRENT_icmp_recv,8,10
5,3,"[4, 4, 5]",10 R,CURRENT_icmp_recv,9,11
6,3,"[4, 4, 5]",10 R,CURRENT_icmp_recv,10,12
7,3,"[4, 4, 8]",10 R,CURRENT_icmp_recv,11,13
8,3,"[4, 6, 6]",10 R,CURRENT_icmp_recv,15,17
9,3,"[3, 6, 6]",10 R,CURRENT_icmp_recv,16,18
10,3,"[4, 5, 5]",10 R,CURRENT_icmp_recv,21,23
11,3,"[4, 5, 5]",10 R,CURRENT_icmp_recv,22,24
12,3,"[3, 5, 5]",10 R,CURRENT_icmp_recv,23,25
13,3,"[3, 5, 5]",10 R,CURRENT_icmp_recv,27,29
14,3,"[4, 4, 6]",10 R,CURRENT_icmp_recv,30,32
15,3,"[4, 4, 5]",10 R,CURRENT_icmp_recv,31,33
16,3,"[4, 5, 5]",10 R,CURRENT_icmp_recv,32,34
17,3,"[5, 5, 7]",10 R,CURRENT_icmp_recv,33,35
18,3,"[5, 8, 8]",10 R,CURRENT_icmp_sent,8,10
19,3,"[5, 5, 8]",10 R,CURRENT_icmp_sent,9,11
20,3,"[6, 6, 8]",10 R,CURRENT_icmp_sent,12,14
21,3,"[6, 6, 8]",10 R,CURRENT_icmp_sent,13,15
22,3,"[6, 6, 7]",10 R,CURRENT_icmp_sent,14,16
23,3,"[6, 6, 8]",10 R,CURRENT_icmp_sent,20,22
24,3,"[6, 6, 9]",10 R,CURRENT_icmp_sent,21,23
25,3,"[6, 6, 9]",10 R,CURRENT_icmp_sent,22,24
26,3,"[5, 8, 8]",10 R,CURRENT_icmp_sent,27,29
27,3,"[6, 6, 7]",10 R,CURRENT_icmp_sent,30,32
28,3,"[6, 6, 7]",10 R,CURRENT_icmp_sent,31,33
29,3,"[6, 6, 7]",10 R,CURRENT_icmp_sent,32,34
30,3,"[2, 3, 3]",11 R,CURRENT_icmp_recv,3,5
31,3,"[3, 3, 4]",11 R,CURRENT_icmp_recv,5,7
32,3,"[2, 2, 3]",11 R,CURRENT_icmp_recv,8,10
33,3,"[2, 2, 3]",11 R,CURRENT_icmp_recv,9,11
34,3,"[2, 2, 4]",11 R,CURRENT_icmp_recv,10,12
35,3,"[2, 3, 3]",11 R,CURRENT_icmp_recv,13,15
36,3,"[2, 2, 3]",11 R,CURRENT_icmp_recv,14,16
37,3,"[2, 2, 3]",11 R,CURRENT_icmp_recv,15,17
38,3,"[2, 2, 3]",11 R,CURRENT_icmp_recv,16,18
39,3,"[3, 3, 4]",11 R,CURRENT_icmp_recv,21,23
40,3,"[2, 3, 3]",11 R,CURRENT_icmp_recv,23,25
41,3,"[2, 3, 3]",11 R,CURRENT_icmp_recv,24,26
42,3,"[2, 3, 3]",11 R,CURRENT_icmp_recv,26,28
43,3,"[2, 3, 3]",11 R,CURRENT_icmp_recv,27,29
44,3,"[2, 2, 3]",11 R,CURRENT_icmp_recv,28,30
45,3,"[2, 3, 3]",11 R,CURRENT_icmp_recv,29,31
46,3,"[2, 2, 3]",11 R,CURRENT_icmp_recv,30,32
47,3,"[3, 3, 4]",11 R,CURRENT_icmp_recv,33,35
48,3,"[3, 5, 5]",11 R,CURRENT_icmp_sent,3,5
49,3,"[4, 4, 5]",11 R,CURRENT_icmp_sent,8,10
50,3,"[3, 4, 4]",11 R,CURRENT_icmp_sent,9,11
51,3,"[3, 3, 4]",11 R,CURRENT_icmp_sent,10,12
52,3,"[3, 3, 4]",11 R,CURRENT_icmp_sent,11,13
53,3,"[3, 4, 4]",11 R,CURRENT_icmp_sent,12,14
54,3,"[4, 4, 5]",11 R,CURRENT_icmp_sent,14,16
55,3,"[3, 3, 5]",11 R,CURRENT_icmp_sent,16,18
56,3,"[3, 3, 4]",11 R,CURRENT_icmp_sent,17,19
57,3,"[3, 4, 4]",11 R,CURRENT_icmp_sent,18,20
58,3,"[2, 4, 4]",11 R,CURRENT_icmp_sent,19,21
59,3,"[2, 4, 4]",11 R,CURRENT_icmp_sent,20,22
60,3,"[2, 4, 4]",11 R,CURRENT_icmp_sent,21,23
61,3,"[2, 4, 4]",11 R,CURRENT_icmp_sent,22,24
62,3,"[2, 4, 4]",11 R,CURRENT_icmp_sent,23,25
63,3,"[2, 4, 4]",11 R,CURRENT_icmp_sent,24,26
64,3,"[3, 4, 4]",11 R,CURRENT_icmp_sent,26,28
65,3,"[3, 3, 4]",11 R,CURRENT_icmp_sent,27,29
66,3,"[3, 3, 4]",11 R,CURRENT_icmp_sent,28,30
67,3,"[3, 4, 4]",11 R,CURRENT_icmp_sent,29,31
68,3,"[3, 4, 4]",11 R,CURRENT_icmp_sent,30,32
69,3,"[3, 3, 4]",11 R,CURRENT_icmp_sent,31,33
70,3,"[3, 3, 4]",11 R,CURRENT_icmp_sent,32,34
71,3,"[7, 8, 8]",12 R,CURRENT_icmp_recv,3,5
72,3,"[5, 5, 8]",12 R,CURRENT_icmp_recv,7,9
73,3,"[5, 5, 6]",12 R,CURRENT_icmp_recv,9,11
74,3,"[5, 6, 6]",12 R,CURRENT_icmp_recv,10,12
75,3,"[5, 5, 8]",12 R,CURRENT_icmp_recv,16,18
76,3,"[5, 5, 8]",12 R,CURRENT_icmp_recv,17,19
77,3,"[4, 7, 7]",12 R,CURRENT_icmp_recv,20,22
78,3,"[5, 8, 8]",12 R,CURRENT_icmp_recv,25,27
79,3,"[5, 8, 8]",12 R,CURRENT_icmp_recv,26,28
80,3,"[3, 4, 4]",12 R,CURRENT_icmp_sent,3,5
81,3,"[3, 4, 4]",12 R,CURRENT_icmp_sent,5,7
82,3,"[3, 4, 4]",12 R,CURRENT_icmp_sent,6,8
83,3,"[2, 4, 4]",12 R,CURRENT_icmp_sent,8,10
84,3,"[2, 2, 4]",12 R,CURRENT_icmp_sent,9,11
85,3,"[2, 4, 4]",12 R,CURRENT_icmp_sent,10,12
86,3,"[2, 4, 4]",12 R,CURRENT_icmp_sent,11,13
87,3,"[3, 4, 4]",12 R,CURRENT_icmp_sent,12,14
88,3,"[2, 4, 4]",12 R,CURRENT_icmp_sent,15,17
89,3,"[3, 4, 4]",12 R,CURRENT_icmp_sent,17,19
90,3,"[3, 4, 4]",12 R,CURRENT_icmp_sent,18,20
91,3,"[3, 4, 4]",12 R,CURRENT_icmp_sent,19,21
92,3,"[3, 4, 4]",12 R,CURRENT_icmp_sent,21,23
93,3,"[3, 3, 5]",12 R,CURRENT_icmp_sent,23,25
94,3,"[3, 3, 5]",12 R,CURRENT_icmp_sent,24,26
95,3,"[3, 3, 4]",12 R,CURRENT_icmp_sent,25,27
96,3,"[3, 3, 4]",12 R,CURRENT_icmp_sent,26,28
97,3,"[3, 4, 4]",12 R,CURRENT_icmp_sent,27,29
98,3,"[3, 4, 4]",12 R,CURRENT_icmp_sent,28,30
99,3,"[3, 4, 4]",12 R,CURRENT_icmp_sent,30,32
100,3,"[3, 4, 4]",12 R,CURRENT_icmp_sent,31,33
101,3,"[4, 4, 5]",12 R,CURRENT_icmp_sent,33,35
102,3,"[3, 3, 7]",13 R,CURRENT_icmp_recv,7,9
103,3,"[3, 7, 7]",13 R,CURRENT_icmp_recv,8,10
104,3,"[4, 6, 6]",13 R,CURRENT_icmp_recv,11,13
105,3,"[5, 6, 6]",13 R,CURRENT_icmp_recv,12,14
106,3,"[5, 5, 6]",13 R,CURRENT_icmp_recv,19,21
107,3,"[4, 5, 5]",13 R,CURRENT_icmp_recv,28,30
108,3,"[5, 5, 6]",13 R,CURRENT_icmp_recv,29,31
109,3,"[4, 6, 6]",13 R,CURRENT_icmp_recv,31,33
110,3,"[4, 6, 6]",13 R,CURRENT_icmp_recv,32,34
111,3,"[6, 10, 10]",13 R,CURRENT_icmp_sent,3,5
112,3,"[6, 8, 8]",13 R,CURRENT_icmp_sent,24,26
113,3,"[6, 9, 9]",13 R,CURRENT_icmp_sent,27,29
114,3,"[6, 9, 9]",13 R,CURRENT_icmp_sent,28,30
115,3,"[7, 9, 9]",13 R,CURRENT_icmp_sent,29,31
116,3,"[7, 7, 9]",13 R,CURRENT_icmp_sent,30,32
117,3,"[7, 7, 8]",13 R,CURRENT_icmp_sent,32,34
118,3,"[7, 8, 8]",13 R,CURRENT_icmp_sent,33,35
119,3,"[3, 4, 4]",2 R,CURRENT_icmp_recv,6,8
120,3,"[3, 3, 4]",2 R,CURRENT_icmp_recv,7,9
121,3,"[3, 3, 4]",2 R,CURRENT_icmp_recv,14,16
122,3,"[2, 3, 3]",2 R,CURRENT_icmp_recv,16,18
123,3,"[2, 2, 4]",2 R,CURRENT_icmp_recv,18,20
124,3,"[3, 3, 4]",2 R,CURRENT_icmp_recv,21,23
125,3,"[0, 3, 3]",2 R,CURRENT_icmp_recv,23,25
126,3,"[3, 4, 4]",2 R,CURRENT_icmp_recv,25,27
127,3,"[3, 4, 4]",2 R,CURRENT_icmp_recv,26,28
128,3,"[3, 3, 4]",2 R,CURRENT_icmp_recv,27,29
129,3,"[2, 3, 3]",2 R,CURRENT_icmp_recv,29,31
130,3,"[2, 2, 3]",2 R,CURRENT_icmp_recv,30,32
131,3,"[2, 2, 3]",2 R,CURRENT_icmp_recv,31,33
132,3,"[4, 5, 5]",2 R,CURRENT_icmp_sent,4,6
133,3,"[4, 5, 5]",2 R,CURRENT_icmp_sent,5,7
134,3,"[3, 3, 4]",2 R,CURRENT_icmp_sent,7,9
135,3,"[3, 3, 4]",2 R,CURRENT_icmp_sent,8,10
136,3,"[4, 4, 5]",2 R,CURRENT_icmp_sent,10,12
137,3,"[4, 4, 5]",2 R,CURRENT_icmp_sent,11,13
138,3,"[3, 4, 4]",2 R,CURRENT_icmp_sent,13,15
139,3,"[3, 4, 4]",2 R,CURRENT_icmp_sent,14,16
140,3,"[3, 3, 4]",2 R,CURRENT_icmp_sent,15,17
141,3,"[3, 3, 4]",2 R,CURRENT_icmp_sent,16,18
142,3,"[3, 3, 4]",2 R,CURRENT_icmp_sent,17,19
143,3,"[3, 4, 4]",2 R,CURRENT_icmp_sent,28,30
144,3,"[3, 4, 4]",2 R,CURRENT_icmp_sent,29,31
145,3,"[3, 3, 4]",2 R,CURRENT_icmp_sent,30,32
146,3,"[3, 3, 5]",2 R,CURRENT_icmp_sent,32,34
147,3,"[3, 3, 5]",2 R,CURRENT_icmp_sent,33,35
148,3,"[4, 4, 5]",3 R,CURRENT_icmp_recv,6,8
149,3,"[4, 4, 5]",3 R,CURRENT_icmp_recv,7,9
150,3,"[4, 4, 5]",3 R,CURRENT_icmp_recv,9,11
151,3,"[4, 4, 5]",3 R,CURRENT_icmp_recv,10,12
152,3,"[4, 4, 6]",3 R,CURRENT_icmp_recv,15,17
153,3,"[4, 4, 6]",3 R,CURRENT_icmp_recv,19,21
154,3,"[3, 4, 4]",3 R,CURRENT_icmp_recv,20,22
155,3,"[4, 4, 7]",3 R,CURRENT_icmp_recv,29,31
156,3,"[3, 4, 4]",3 R,CURRENT_icmp_recv,30,32
157,3,"[5, 5, 6]",3 R,CURRENT_icmp_recv,33,35
158,3,"[5, 5, 6]",3 R,CURRENT_icmp_sent,6,8
159,3,"[5, 6, 6]",3 R,CURRENT_icmp_sent,7,9
160,3,"[5, 6, 6]",3 R,CURRENT_icmp_sent,8,10
161,3,"[6, 6, 7]",3 R,CURRENT_icmp_sent,9,11
162,3,"[5, 5, 6]",3 R,CURRENT_icmp_sent,12,14
163,3,"[5, 5, 6]",3 R,CURRENT_icmp_sent,13,15
164,3,"[5, 5, 8]",3 R,CURRENT_icmp_sent,14,16
165,3,"[4, 4, 8]",3 R,CURRENT_icmp_sent,16,18
166,3,"[4, 4, 8]",3 R,CURRENT_icmp_sent,17,19
167,3,"[5, 5, 6]",3 R,CURRENT_icmp_sent,20,22
168,3,"[5, 6, 6]",3 R,CURRENT_icmp_sent,21,23
169,3,"[6, 6, 8]",3 R,CURRENT_icmp_sent,23,25
170,3,"[6, 6, 8]",3 R,CURRENT_icmp_sent,24,26
171,3,"[5, 6, 6]",3 R,CURRENT_icmp_sent,26,28
172,3,"[5, 6, 6]",3 R,CURRENT_icmp_sent,27,29
173,3,"[5, 6, 6]",3 R,CURRENT_icmp_sent,28,30
174,3,"[5, 6, 6]",3 R,CURRENT_icmp_sent,29,31
175,3,"[5, 5, 6]",3 R,CURRENT_icmp_sent,30,32
176,3,"[5, 5, 6]",3 R,CURRENT_icmp_sent,31,33
177,3,"[2, 2, 6]",4 R,CURRENT_icmp_recv,3,5
178,3,"[3, 3, 5]",4 R,CURRENT_icmp_recv,7,9
179,3,"[3, 3, 4]",4 R,CURRENT_icmp_recv,9,11
180,3,"[2, 3, 3]",4 R,CURRENT_icmp_recv,13,15
181,3,"[3, 3, 6]",4 R,CURRENT_icmp_recv,15,17
182,3,"[3, 3, 6]",4 R,CURRENT_icmp_recv,16,18
183,3,"[3, 3, 4]",4 R,CURRENT_icmp_recv,18,20
184,3,"[3, 3, 4]",4 R,CURRENT_icmp_recv,19,21
185,3,"[3, 3, 4]",4 R,CURRENT_icmp_recv,20,22
186,3,"[3, 3, 6]",4 R,CURRENT_icmp_recv,21,23
187,3,"[3, 3, 5]",4 R,CURRENT_icmp_recv,25,27
188,3,"[3, 3, 5]",4 R,CURRENT_icmp_recv,26,28
189,3,"[3, 3, 4]",4 R,CURRENT_icmp_recv,27,29
190,3,"[3, 4, 4]",4 R,CURRENT_icmp_recv,28,30
191,3,"[3, 4, 4]",4 R,CURRENT_icmp_recv,29,31
192,3,"[4, 4, 8]",4 R,CURRENT_icmp_sent,4,6
193,3,"[4, 4, 5]",4 R,CURRENT_icmp_sent,6,8
194,3,"[4, 5, 5]",4 R,CURRENT_icmp_sent,7,9
195,3,"[4, 5, 5]",4 R,CURRENT_icmp_sent,8,10
196,3,"[5, 5, 6]",4 R,CURRENT_icmp_sent,9,11
197,3,"[5, 6, 6]",4 R,CURRENT_icmp_sent,10,12
198,3,"[5, 6, 6]",4 R,CURRENT_icmp_sent,11,13
199,3,"[5, 5, 6]",4 R,CURRENT_icmp_sent,12,14
200,3,"[4, 5, 5]",4 R,CURRENT_icmp_sent,15,17
201,3,"[4, 5, 5]",4 R,CURRENT_icmp_sent,16,18
202,3,"[4, 5, 5]",4 R,CURRENT_icmp_sent,17,19
203,3,"[4, 5, 5]",4 R,CURRENT_icmp_sent,18,20
204,3,"[4, 4, 5]",4 R,CURRENT_icmp_sent,19,21
205,3,"[4, 4, 5]",4 R,CURRENT_icmp_sent,21,23
206,3,"[4, 5, 5]",4 R,CURRENT_icmp_sent,27,29
207,3,"[4, 5, 5]",4 R,CURRENT_icmp_sent,28,30
208,3,"[3, 5, 5]",4 R,CURRENT_icmp_sent,30,32
209,3,"[4, 5, 5]",4 R,CURRENT_icmp_sent,33,35
210,3,"[2, 6, 6]",6 R,CURRENT_icmp_recv,8,10
211,3,"[4, 6, 6]",6 R,CURRENT_icmp_recv,9,11
212,3,"[4, 5, 5]",6 R,CURRENT_icmp_recv,11,13
213,3,"[3, 5, 5]",6 R,CURRENT_icmp_recv,12,14
214,3,"[3, 3, 5]",6 R,CURRENT_icmp_recv,13,15
215,3,"[3, 3, 7]",6 R,CURRENT_icmp_recv,14,16
216,3,"[3, 3, 7]",6 R,CURRENT_icmp_recv,15,17
217,3,"[3, 3, 7]",6 R,CURRENT_icmp_recv,16,18
218,3,"[3, 3, 7]",6 R,CURRENT_icmp_recv,17,19
219,3,"[4, 4, 7]",6 R,CURRENT_icmp_recv,19,21
220,3,"[3, 4, 4]",6 R,CURRENT_icmp_recv,20,22
221,3,"[3, 5, 5]",6 R,CURRENT_icmp_recv,22,24
222,3,"[4, 5, 5]",6 R,CURRENT_icmp_recv,23,25
223,3,"[4, 4, 6]",6 R,CURRENT_icmp_recv,29,31
224,3,"[3, 6, 6]",6 R,CURRENT_icmp_recv,32,34
225,3,"[2, 6, 6]",6 R,CURRENT_icmp_recv,33,35
226,3,"[7, 7, 8]",6 R,CURRENT_icmp_sent,3,5
227,3,"[5, 6, 6]",6 R,CURRENT_icmp_sent,6,8
228,3,"[6, 6, 8]",6 R,CURRENT_icmp_sent,8,10
229,3,"[6, 6, 8]",6 R,CURRENT_icmp_sent,13,15
230,3,"[6, 6, 8]",6 R,CURRENT_icmp_sent,14,16
231,3,"[6, 6, 8]",6 R,CURRENT_icmp_sent,15,17
232,3,"[7, 7, 8]",6 R,CURRENT_icmp_sent,19,21
233,3,"[5, 7, 7]",6 R,CURRENT_icmp_sent,20,22
234,3,"[5, 5, 7]",6 R,CURRENT_icmp_sent,24,26
235,3,"[5, 5, 9]",6 R,CURRENT_icmp_sent,25,27
236,3,"[5, 5, 9]",6 R,CURRENT_icmp_sent,26,28
237,3,"[6, 6, 8]",6 R,CURRENT_icmp_sent,29,31
238,3,"[6, 6, 9]",6 R,CURRENT_icmp_sent,32,34
239,3,"[5, 5, 6]",8 R,CURRENT_icmp_recv,4,6
240,3,"[3, 6, 6]",8 R,CURRENT_icmp_recv,8,10
241,3,"[3, 3, 6]",8 R,CURRENT_icmp_recv,9,11
242,3,"[3, 6, 6]",8 R,CURRENT_icmp_recv,10,12
243,3,"[3, 6, 6]",8 R,CURRENT_icmp_recv,11,13
244,3,"[2, 6, 6]",8 R,CURRENT_icmp_recv,12,14
245,3,"[5, 5, 6]",8 R,CURRENT_icmp_recv,24,26
246,3,"[5, 5, 7]",8 R,CURRENT_icmp_recv,25,27
247,3,"[3, 6, 6]",8 R,CURRENT_icmp_recv,30,32
248,3,"[4, 4, 7]",8 R,CURRENT_icmp_recv,33,35
249,3,"[3, 3, 6]",8 R,CURRENT_icmp_sent,4,6
250,3,"[2, 4, 4]",8 R,CURRENT_icmp_sent,7,9
251,3,"[2, 4, 4]",8 R,CURRENT_icmp_sent,8,10
252,3,"[3, 4, 4]",8 R,CURRENT_icmp_sent,9,11
253,3,"[3, 4, 4]",8 R,CURRENT_icmp_sent,10,12
254,3,"[3, 4, 4]",8 R,CURRENT_icmp_sent,14,16
255,3,"[3, 4, 4]",8 R,CURRENT_icmp_sent,16,18
256,3,"[3, 4, 4]",8 R,CURRENT_icmp_sent,17,19
257,3,"[3, 4, 4]",8 R,CURRENT_icmp_sent,18,20
258,3,"[2, 4, 4]",8 R,CURRENT_icmp_sent,19,21
259,3,"[2, 4, 4]",8 R,CURRENT_icmp_sent,20,22
260,3,"[4, 4, 5]",8 R,CURRENT_icmp_sent,22,24
261,3,"[3, 3, 5]",8 R,CURRENT_icmp_sent,26,28
262,3,"[3, 3, 4]",8 R,CURRENT_icmp_sent,28,30
263,3,"[3, 3, 4]",8 R,CURRENT_icmp_sent,29,31
264,3,"[3, 3, 4]",8 R,CURRENT_icmp_sent,30,32
265,3,"[3, 4, 4]",8 R,CURRENT_icmp_sent,31,33
266,3,"[3, 4, 4]",8 R,CURRENT_icmp_sent,33,35
267,3,"[5, 6, 6]",9 R,CURRENT_icmp_recv,3,5
268,3,"[4, 4, 5]",9 R,CURRENT_icmp_recv,9,11
269,3,"[4, 4, 5]",9 R,CURRENT_icmp_recv,10,12
270,3,"[4, 4, 5]",9 R,CURRENT_icmp_recv,11,13
271,3,"[4, 4, 5]",9 R,CURRENT_icmp_recv,12,14
272,3,"[4, 5, 5]",9 R,CURRENT_icmp_recv,13,15
273,3,"[4, 5, 5]",9 R,CURRENT_icmp_recv,14,16
274,3,"[4, 5, 5]",9 R,CURRENT_icmp_recv,15,17
275,3,"[3, 6, 6]",9 R,CURRENT_icmp_recv,20,22
276,3,"[3, 6, 6]",9 R,CURRENT_icmp_recv,21,23
277,3,"[5, 6, 6]",9 R,CURRENT_icmp_recv,22,24
278,3,"[2, 5, 5]",9 R,CURRENT_icmp_recv,27,29
279,3,"[3, 3, 9]",9 R,CURRENT_icmp_recv,33,35
280,3,"[3, 3, 4]",9 R,CURRENT_icmp_sent,3,5
281,3,"[3, 4, 4]",9 R,CURRENT_icmp_sent,4,6
282,3,"[4, 4, 5]",9 R,CURRENT_icmp_sent,6,8
283,3,"[3, 3, 4]",9 R,CURRENT_icmp_sent,8,10
284,3,"[3, 3, 4]",9 R,CURRENT_icmp_sent,9,11
285,3,"[3, 4, 4]",9 R,CURRENT_icmp_sent,10,12
286,3,"[3, 4, 4]",9 R,CURRENT_icmp_sent,12,14
287,3,"[2, 4, 4]",9 R,CURRENT_icmp_sent,18,20
288,3,"[3, 4, 4]",9 R,CURRENT_icmp_sent,22,24
289,3,"[3, 4, 4]",9 R,CURRENT_icmp_sent,23,25
290,3,"[3, 4, 4]",9 R,CURRENT_icmp_sent,24,26
291,3,"[4, 4, 6]",9 R,CURRENT_icmp_sent,25,27
292,3,"[2, 3, 3]",9 R,CURRENT_icmp_sent,28,30
293,3,"[3, 3, 5]",9 R,CURRENT_icmp_sent,31,33
294,3,"[2, 5, 5]",9 R,CURRENT_icmp_sent,33,35
295,4,"[4, 4, 4, 5]",10 R,CURRENT_icmp_recv,9,12
296,4,"[4, 5, 5, 5]",10 R,CURRENT_icmp_recv,21,24
297,4,"[6, 6, 6, 8]",10 R,CURRENT_icmp_sent,12,15
298,4,"[6, 6, 6, 9]",10 R,CURRENT_icmp_sent,21,24
299,4,"[6, 6, 6, 7]",10 R,CURRENT_icmp_sent,30,33
300,4,"[3, 3, 3, 4]",11 R,CURRENT_icmp_recv,4,7
301,4,"[2, 2, 2, 3]",11 R,CURRENT_icmp_recv,8,11
302,4,"[2, 2, 2, 3]",11 R,CURRENT_icmp_recv,14,17
303,4,"[2, 3, 3, 3]",11 R,CURRENT_icmp_recv,23,26
304,4,"[2, 3, 3, 3]",11 R,CURRENT_icmp_recv,24,27
305,4,"[2, 3, 3, 3]",11 R,CURRENT_icmp_recv,25,28
306,4,"[2, 3, 3, 3]",11 R,CURRENT_icmp_recv,26,29
307,4,"[3, 4, 4, 4]",11 R,CURRENT_icmp_sent,12,15
308,4,"[4, 4, 4, 5]",11 R,CURRENT_icmp_sent,13,16
309,4,"[2, 4, 4, 4]",11 R,CURRENT_icmp_sent,19,22
310,4,"[2, 4, 4, 4]",11 R,CURRENT_icmp_sent,20,23
311,4,"[2, 4, 4, 4]",11 R,CURRENT_icmp_sent,22,25
312,4,"[2, 4, 4, 4]",11 R,CURRENT_icmp_sent,23,26
313,4,"[2, 4, 4, 4]",11 R,CURRENT_icmp_sent,24,27
314,4,"[3, 4, 4, 4]",11 R,CURRENT_icmp_sent,25,28
315,4,"[3, 4, 4, 4]",12 R,CURRENT_icmp_sent,4,7
316,4,"[3, 4, 4, 4]",12 R,CURRENT_icmp_sent,5,8
317,4,"[2, 4, 4, 4]",12 R,CURRENT_icmp_sent,10,13
318,4,"[2, 4, 4, 4]",12 R,CURRENT_icmp_sent,15,18
319,4,"[3, 4, 4, 4]",12 R,CURRENT_icmp_sent,16,19
320,4,"[3, 4, 4, 4]",12 R,CURRENT_icmp_sent,17,20
321,4,"[3, 4, 4, 4]",12 R,CURRENT_icmp_sent,18,21
322,4,"[3, 4, 4, 4]",12 R,CURRENT_icmp_sent,19,22
323,4,"[3, 4, 4, 4]",12 R,CURRENT_icmp_sent,20,23
324,4,"[3, 3, 3, 5]",12 R,CURRENT_icmp_sent,23,26
325,4,"[3, 3, 3, 4]",12 R,CURRENT_icmp_sent,25,28
326,4,"[3, 4, 4, 4]",12 R,CURRENT_icmp_sent,27,30
327,4,"[3, 4, 4, 4]",12 R,CURRENT_icmp_sent,28,31
328,4,"[3, 4, 4, 4]",12 R,CURRENT_icmp_sent,29,32
329,4,"[3, 4, 4, 4]",12 R,CURRENT_icmp_sent,30,33
330,4,"[4, 5, 5, 9]",13 R,CURRENT_icmp_recv,21,24
331,4,"[4, 6, 6, 6]",13 R,CURRENT_icmp_recv,31,34
332,4,"[4, 6, 6, 6]",13 R,CURRENT_icmp_recv,32,35
333,4,"[6, 9, 9, 9]",13 R,CURRENT_icmp_sent,27,30
334,4,"[7, 7, 7, 9]",13 R,CURRENT_icmp_sent,30,33
335,4,"[7, 7, 7, 8]",13 R,CURRENT_icmp_sent,31,34
336,4,"[3, 3, 3, 4]",2 R,CURRENT_icmp_recv,14,17
337,4,"[2, 3, 3, 3]",2 R,CURRENT_icmp_recv,15,18
338,4,"[3, 3, 3, 4]",2 R,CURRENT_icmp_recv,27,30
339,4,"[2, 3, 3, 3]",2 R,CURRENT_icmp_recv,28,31
340,4,"[4, 4, 4, 5]",2 R,CURRENT_icmp_sent,10,13
341,4,"[4, 4, 4, 5]",2 R,CURRENT_icmp_sent,11,14
342,4,"[3, 4, 4, 4]",2 R,CURRENT_icmp_sent,12,15
343,4,"[3, 4, 4, 4]",2 R,CURRENT_icmp_sent,13,16
344,4,"[3, 3, 3, 4]",2 R,CURRENT_icmp_sent,15,18
345,4,"[3, 3, 3, 4]",2 R,CURRENT_icmp_sent,30,33
346,4,"[3, 3, 3, 5]",2 R,CURRENT_icmp_sent,31,34
347,4,"[3, 3, 3, 5]",2 R,CURRENT_icmp_sent,32,35
348,4,"[4, 4, 5, 9]",3 R,CURRENT_icmp_recv,5,8
349,4,"[4, 4, 4, 5]",3 R,CURRENT_icmp_recv,6,9
350,4,"[4, 4, 4, 5]",3 R,CURRENT_icmp_recv,7,10
351,4,"[4, 4, 4, 5]",3 R,CURRENT_icmp_recv,8,11
352,4,"[4, 4, 4, 5]",3 R,CURRENT_icmp_recv,9,12
353,4,"[5, 6, 6, 6]",3 R,CURRENT_icmp_sent,7,10
354,4,"[5, 5, 5, 6]",3 R,CURRENT_icmp_sent,12,15
355,4,"[6, 6, 6, 8]",3 R,CURRENT_icmp_sent,23,26
356,4,"[6, 6, 6, 8]",3 R,CURRENT_icmp_sent,24,27
357,4,"[5, 6, 6, 6]",3 R,CURRENT_icmp_sent,25,28
358,4,"[5, 6, 6, 6]",3 R,CURRENT_icmp_sent,26,29
359,4,"[5, 6, 6, 6]",3 R,CURRENT_icmp_sent,27,30
360,4,"[3, 3, 3, 5]",4 R,CURRENT_icmp_recv,7,10
361,4,"[3, 3, 3, 4]",4 R,CURRENT_icmp_recv,8,11
362,4,"[3, 3, 3, 6]",4 R,CURRENT_icmp_recv,15,18
363,4,"[3, 3, 3, 6]",4 R,CURRENT_icmp_recv,16,19
364,4,"[3, 3, 3, 4]",4 R,CURRENT_icmp_recv,17,20
365,4,"[3, 3, 3, 4]",4 R,CURRENT_icmp_recv,18,21
366,4,"[3, 3, 3, 4]",4 R,CURRENT_icmp_recv,19,22
367,4,"[3, 3, 3, 5]",4 R,CURRENT_icmp_recv,25,28
368,4,"[4, 5, 5, 5]",4 R,CURRENT_icmp_sent,7,10
369,4,"[5, 5, 5, 6]",4 R,CURRENT_icmp_sent,12,15
370,4,"[4, 5, 5, 5]",4 R,CURRENT_icmp_sent,14,17
371,4,"[4, 5, 5, 5]",4 R,CURRENT_icmp_sent,15,18
372,4,"[4, 5, 5, 5]",4 R,CURRENT_icmp_sent,16,19
373,4,"[4, 4, 4, 5]",4 R,CURRENT_icmp_sent,19,22
374,4,"[4, 4, 4, 5]",4 R,CURRENT_icmp_sent,20,23
375,4,"[4, 5, 5, 5]",4 R,CURRENT_icmp_sent,27,30
376,4,"[4, 5, 5, 5]",4 R,CURRENT_icmp_sent,28,31
377,4,"[3, 5, 5, 5]",4 R,CURRENT_icmp_sent,29,32
378,4,"[3, 3, 3, 7]",6 R,CURRENT_icmp_recv,14,17
379,4,"[3, 3, 3, 7]",6 R,CURRENT_icmp_recv,15,18
380,4,"[5, 6, 6, 6]",6 R,CURRENT_icmp_sent,6,9
381,4,"[6, 6, 6, 8]",6 R,CURRENT_icmp_sent,7,10
382,4,"[6, 6, 6, 8]",6 R,CURRENT_icmp_sent,14,17
383,4,"[5, 5, 5, 9]",6 R,CURRENT_icmp_sent,25,28
384,4,"[6, 6, 6, 8]",6 R,CURRENT_icmp_sent,29,32
385,4,"[6, 6, 6, 9]",6 R,CURRENT_icmp_sent,31,34
386,4,"[3, 6, 6, 6]",8 R,CURRENT_icmp_recv,10,13
387,4,"[2, 6, 6, 7]",8 R,CURRENT_icmp_recv,12,15
388,4,"[2, 6, 6, 7]",8 R,CURRENT_icmp_recv,13,16
389,4,"[2, 4, 4, 4]",8 R,CURRENT_icmp_sent,7,10
390,4,"[3, 4, 4, 4]",8 R,CURRENT_icmp_sent,9,12
391,4,"[3, 4, 4, 4]",8 R,CURRENT_icmp_sent,14,17
392,4,"[3, 4, 4, 4]",8 R,CURRENT_icmp_sent,15,18
393,4,"[3, 4, 4, 4]",8 R,CURRENT_icmp_sent,16,19
394,4,"[3, 4, 4, 4]",8 R,CURRENT_icmp_sent,17,20
395,4,"[2, 4, 4, 4]",8 R,CURRENT_icmp_sent,19,22
396,4,"[3, 3, 3, 4]",8 R,CURRENT_icmp_sent,28,31
397,4,"[3, 4, 4, 4]",8 R,CURRENT_icmp_sent,31,34
398,4,"[3, 4, 4, 4]",8 R,CURRENT_icmp_sent,32,35
399,4,"[4, 4, 4, 5]",9 R,CURRENT_icmp_recv,9,12
400,4,"[4, 4, 4, 5]",9 R,CURRENT_icmp_recv,11,14
401,4,"[4, 5, 5, 5]",9 R,CURRENT_icmp_recv,13,16
402,4,"[3, 6, 6, 6]",9 R,CURRENT_icmp_recv,20,23
403,4,"[3, 4, 4, 4]",9 R,CURRENT_icmp_sent,10,13
404,4,"[3, 4, 4, 4]",9 R,CURRENT_icmp_sent,11,14
405,4,"[2, 4, 4, 4]",9 R,CURRENT_icmp_sent,18,21
406,4,"[3, 4, 4, 4]",9 R,CURRENT_icmp_sent,21,24
407,4,"[3, 4, 4, 4]",9 R,CURRENT_icmp_sent,22,25
408,4,"[3, 4, 4, 4]",9 R,CURRENT_icmp_sent,23,26
409,4,"[2, 3, 3, 3]",9 R,CURRENT_icmp_sent,28,31
410,4,"[3, 3, 3, 5]",9 R,CURRENT_icmp_sent,30,33
411,5,"[4, 4, 4, 5, 8]",10 R,CURRENT_icmp_recv,9,13
412,5,"[4, 4, 5, 5, 8]",10 R,CURRENT_icmp_recv,10,14
413,5,"[4, 4, 4, 5, 8]",10 R,CURRENT_icmp_recv,11,15
414,5,"[4, 4, 5, 5, 7]",10 R,CURRENT_icmp_recv,31,35
415,5,"[5, 6, 6, 6, 8]",10 R,CURRENT_icmp_sent,11,15
416,5,"[5, 7, 7, 8, 8]",10 R,CURRENT_icmp_sent,16,20
417,5,"[5, 6, 6, 6, 9]",10 R,CURRENT_icmp_sent,21,25
418,5,"[2, 3, 3, 3, 3]",11 R,CURRENT_icmp_recv,23,27
419,5,"[2, 3, 3, 3, 3]",11 R,CURRENT_icmp_recv,25,29
420,5,"[2, 4, 4, 5, 5]",11 R,CURRENT_icmp_sent,5,9
421,5,"[2, 4, 4, 4, 5]",11 R,CURRENT_icmp_sent,6,10
422,5,"[2, 4, 4, 4, 4]",11 R,CURRENT_icmp_sent,19,23
423,5,"[2, 4, 4, 4, 4]",11 R,CURRENT_icmp_sent,22,26
424,5,"[2, 4, 4, 4, 4]",11 R,CURRENT_icmp_sent,23,27
425,5,"[3, 3, 4, 4, 6]",11 R,CURRENT_icmp_sent,31,35
426,5,"[5, 5, 5, 6, 8]",12 R,CURRENT_icmp_recv,7,11
427,5,"[5, 5, 6, 6, 8]",12 R,CURRENT_icmp_recv,8,12
428,5,"[5, 5, 6, 6, 8]",12 R,CURRENT_icmp_recv,9,13
429,5,"[4, 7, 7, 8, 8]",12 R,CURRENT_icmp_recv,19,23
430,5,"[3, 4, 4, 4, 4]",12 R,CURRENT_icmp_sent,16,20
431,5,"[3, 4, 4, 4, 4]",12 R,CURRENT_icmp_sent,17,21
432,5,"[3, 4, 4, 4, 4]",12 R,CURRENT_icmp_sent,18,22
433,5,"[3, 4, 4, 4, 4]",12 R,CURRENT_icmp_sent,27,31
434,5,"[3, 4, 4, 4, 4]",12 R,CURRENT_icmp_sent,29,33
435,5,"[3, 4, 5, 5, 9]",13 R,CURRENT_icmp_recv,21,25
436,5,"[4, 6, 6, 6, 6]",13 R,CURRENT_icmp_recv,31,35
437,5,"[6, 8, 9, 9, 9]",13 R,CURRENT_icmp_sent,26,30
438,5,"[0, 3, 3, 3, 4]",2 R,CURRENT_icmp_recv,21,25
439,5,"[0, 3, 3, 4, 4]",2 R,CURRENT_icmp_recv,22,26
440,5,"[0, 3, 3, 4, 4]",2 R,CURRENT_icmp_recv,23,27
441,5,"[0, 3, 3, 4, 4]",2 R,CURRENT_icmp_recv,24,28
442,5,"[2, 2, 3, 3, 5]",2 R,CURRENT_icmp_recv,30,34
443,5,"[4, 4, 4, 4, 5]",2 R,CURRENT_icmp_sent,10,14
444,5,"[3, 4, 4, 4, 4]",2 R,CURRENT_icmp_sent,12,16
445,5,"[3, 3, 3, 3, 5]",2 R,CURRENT_icmp_sent,31,35
446,5,"[4, 4, 4, 5, 9]",3 R,CURRENT_icmp_recv,5,9
447,5,"[4, 4, 4, 4, 5]",3 R,CURRENT_icmp_recv,6,10
448,5,"[4, 4, 4, 4, 5]",3 R,CURRENT_icmp_recv,8,12
449,5,"[3, 3, 4, 4, 7]",3 R,CURRENT_icmp_recv,28,32
450,5,"[5, 5, 6, 6, 8]",3 R,CURRENT_icmp_sent,5,9
451,5,"[5, 5, 5, 6, 8]",3 R,CURRENT_icmp_sent,12,16
452,5,"[4, 4, 5, 5, 8]",3 R,CURRENT_icmp_sent,14,18
453,5,"[5, 5, 6, 6, 8]",3 R,CURRENT_icmp_sent,19,23
454,5,"[5, 5, 6, 6, 8]",3 R,CURRENT_icmp_sent,20,24
455,5,"[5, 6, 6, 6, 8]",3 R,CURRENT_icmp_sent,21,25
456,5,"[5, 6, 6, 6, 8]",3 R,CURRENT_icmp_sent,22,26
457,5,"[6, 6, 6, 6, 8]",3 R,CURRENT_icmp_sent,23,27
458,5,"[5, 6, 6, 6, 8]",3 R,CURRENT_icmp_sent,24,28
459,5,"[5, 6, 6, 6, 6]",3 R,CURRENT_icmp_sent,25,29
460,5,"[5, 6, 6, 6, 6]",3 R,CURRENT_icmp_sent,26,30
461,5,"[5, 5, 6, 6, 8]",3 R,CURRENT_icmp_sent,30,34
462,5,"[3, 3, 3, 4, 6]",4 R,CURRENT_icmp_recv,8,12
463,5,"[3, 3, 3, 4, 6]",4 R,CURRENT_icmp_recv,9,13
464,5,"[2, 3, 3, 3, 6]",4 R,CURRENT_icmp_recv,13,17
465,5,"[2, 3, 3, 3, 6]",4 R,CURRENT_icmp_recv,14,18
466,5,"[3, 3, 3, 3, 6]",4 R,CURRENT_icmp_recv,15,19
467,5,"[3, 3, 3, 4, 6]",4 R,CURRENT_icmp_recv,16,20
468,5,"[3, 3, 3, 3, 4]",4 R,CURRENT_icmp_recv,17,21
469,5,"[3, 3, 3, 3, 4]",4 R,CURRENT_icmp_recv,18,22
470,5,"[3, 3, 3, 4, 6]",4 R,CURRENT_icmp_recv,19,23
471,5,"[3, 3, 4, 4, 6]",4 R,CURRENT_icmp_recv,20,24
472,5,"[3, 3, 3, 4, 6]",4 R,CURRENT_icmp_recv,21,25
473,5,"[4, 4, 5, 5, 8]",4 R,CURRENT_icmp_sent,5,9
474,5,"[5, 5, 5, 5, 6]",4 R,CURRENT_icmp_sent,12,16
475,5,"[4, 5, 5, 5, 5]",4 R,CURRENT_icmp_sent,13,17
476,5,"[4, 5, 5, 5, 5]",4 R,CURRENT_icmp_sent,14,18
477,5,"[4, 5, 5, 5, 5]",4 R,CURRENT_icmp_sent,15,19
478,5,"[4, 5, 5, 5, 5]",4 R,CURRENT_icmp_sent,27,31
479,5,"[3, 3, 3, 3, 7]",6 R,CURRENT_icmp_recv,14,18
480,5,"[3, 3, 4, 4, 7]",6 R,CURRENT_icmp_recv,17,21
481,5,"[3, 3, 4, 4, 7]",6 R,CURRENT_icmp_recv,18,22
482,5,"[5, 6, 6, 6, 8]",6 R,CURRENT_icmp_sent,5,9
483,5,"[5, 6, 6, 6, 8]",6 R,CURRENT_icmp_sent,6,10
484,5,"[5, 6, 6, 6, 8]",6 R,CURRENT_icmp_sent,14,18
485,5,"[5, 7, 7, 8, 8]",6 R,CURRENT_icmp_sent,19,23
486,5,"[5, 7, 7, 7, 8]",6 R,CURRENT_icmp_sent,20,24
487,5,"[5, 6, 6, 6, 8]",6 R,CURRENT_icmp_sent,28,32
488,5,"[6, 6, 6, 6, 8]",6 R,CURRENT_icmp_sent,29,33
489,5,"[6, 6, 6, 6, 9]",6 R,CURRENT_icmp_sent,30,34
490,5,"[6, 6, 6, 7, 9]",6 R,CURRENT_icmp_sent,31,35
491,5,"[2, 6, 6, 6, 7]",8 R,CURRENT_icmp_recv,12,16
492,5,"[4, 5, 5, 5, 7]",8 R,CURRENT_icmp_recv,25,29
493,5,"[3, 4, 4, 4, 4]",8 R,CURRENT_icmp_sent,15,19
494,5,"[3, 4, 4, 4, 4]",8 R,CURRENT_icmp_sent,16,20
495,5,"[2, 4, 4, 4, 5]",8 R,CURRENT_icmp_sent,19,23
496,5,"[2, 4, 4, 4, 5]",8 R,CURRENT_icmp_sent,20,24
497,5,"[4, 4, 4, 5, 7]",9 R,CURRENT_icmp_recv,8,12
498,5,"[2, 4, 4, 5, 5]",9 R,CURRENT_icmp_recv,14,18
499,5,"[3, 6, 6, 6, 7]",9 R,CURRENT_icmp_recv,19,23
500,5,"[3, 5, 6, 6, 6]",9 R,CURRENT_icmp_recv,20,24
501,5,"[3, 3, 4, 5, 9]",9 R,CURRENT_icmp_recv,31,35
502,5,"[2, 4, 4, 4, 5]",9 R,CURRENT_icmp_sent,16,20
503,5,"[2, 4, 4, 4, 5]",9 R,CURRENT_icmp_sent,17,21
504,5,"[2, 4, 4, 4, 4]",9 R,CURRENT_icmp_sent,18,22
505,5,"[3, 4, 4, 4, 4]",9 R,CURRENT_icmp_sent,20,24
506,5,"[3, 4, 4, 4, 4]",9 R,CURRENT_icmp_sent,21,25
507,5,"[3, 4, 4, 4, 4]",9 R,CURRENT_icmp_sent,22,26
508,5,"[3, 4, 4, 4, 6]",9 R,CURRENT_icmp_sent,23,27
509,5,"[2, 3, 3, 3, 6]",9 R,CURRENT_icmp_sent,27,31
510,5,"[2, 3, 3, 3, 3]",9 R,CURRENT_icmp_sent,28,32
511,5,"[3, 3, 3, 3, 5]",9 R,CURRENT_icmp_sent,29,33
512,5,"[2, 3, 3, 3, 5]",9 R,CURRENT_icmp_sent,30,34
513,6,"[4, 4, 4, 5, 5, 8]",10 R,CURRENT_icmp_recv,8,13
514,6,"[4, 4, 4, 5, 5, 8]",10 R,CURRENT_icmp_recv,9,14
515,6,"[4, 4, 4, 5, 5, 8]",10 R,CURRENT_icmp_recv,10,15
516,6,"[2, 4, 4, 4, 4, 4]",11 R,CURRENT_icmp_sent,22,27
517,6,"[3, 3, 4, 4, 4, 6]",11 R,CURRENT_icmp_sent,30,35
518,6,"[5, 5, 5, 6, 6, 8]",12 R,CURRENT_icmp_recv,7,12
519,6,"[3, 4, 4, 4, 4, 4]",12 R,CURRENT_icmp_sent,16,21
520,6,"[3, 4, 4, 4, 4, 4]",12 R,CURRENT_icmp_sent,17,22
521,6,"[4, 4, 5, 5, 6, 9]",13 R,CURRENT_icmp_recv,18,23
522,6,"[4, 5, 5, 5, 6, 9]",13 R,CURRENT_icmp_recv,19,24
523,6,"[0, 3, 3, 3, 4, 4]",2 R,CURRENT_icmp_recv,21,26
524,6,"[0, 3, 3, 4, 4, 4]",2 R,CURRENT_icmp_recv,22,27
525,6,"[0, 3, 3, 3, 4, 4]",2 R,CURRENT_icmp_recv,23,28
526,6,"[0, 3, 3, 3, 4, 4]",2 R,CURRENT_icmp_recv,24,29
527,6,"[2, 2, 3, 3, 3, 5]",2 R,CURRENT_icmp_recv,29,34
528,6,"[5, 5, 6, 6, 6, 8]",3 R,CURRENT_icmp_sent,20,25
529,6,"[5, 6, 6, 6, 6, 8]",3 R,CURRENT_icmp_sent,21,26
530,6,"[5, 6, 6, 6, 6, 8]",3 R,CURRENT_icmp_sent,22,27
531,6,"[5, 6, 6, 6, 6, 8]",3 R,CURRENT_icmp_sent,23,28
532,6,"[5, 6, 6, 6, 6, 8]",3 R,CURRENT_icmp_sent,24,29
533,6,"[5, 6, 6, 6, 6, 6]",3 R,CURRENT_icmp_sent,25,30
534,6,"[5, 5, 6, 6, 6, 8]",3 R,CURRENT_icmp_sent,29,34
535,6,"[3, 3, 3, 3, 4, 6]",4 R,CURRENT_icmp_recv,8,13
536,6,"[2, 3, 3, 3, 3, 6]",4 R,CURRENT_icmp_recv,13,18
537,6,"[2, 3, 3, 3, 3, 6]",4 R,CURRENT_icmp_recv,14,19
538,6,"[3, 3, 3, 3, 4, 6]",4 R,CURRENT_icmp_recv,15,20
539,6,"[3, 3, 3, 3, 4, 6]",4 R,CURRENT_icmp_recv,16,21
540,6,"[3, 3, 3, 3, 3, 4]",4 R,CURRENT_icmp_recv,17,22
541,6,"[3, 3, 3, 3, 4, 6]",4 R,CURRENT_icmp_recv,18,23
542,6,"[3, 3, 3, 4, 4, 6]",4 R,CURRENT_icmp_recv,19,24
543,6,"[3, 3, 3, 4, 4, 6]",4 R,CURRENT_icmp_recv,20,25
544,6,"[4, 5, 5, 5, 5, 5]",4 R,CURRENT_icmp_sent,13,18
545,6,"[4, 5, 5, 5, 5, 5]",4 R,CURRENT_icmp_sent,14,19
546,6,"[3, 3, 3, 4, 4, 7]",6 R,CURRENT_icmp_recv,17,22
547,6,"[5, 7, 7, 7, 8, 8]",6 R,CURRENT_icmp_sent,19,24
548,6,"[5, 6, 6, 6, 6, 8]",6 R,CURRENT_icmp_sent,28,33
549,6,"[6, 6, 6, 6, 7, 9]",6 R,CURRENT_icmp_sent,30,35
550,6,"[3, 4, 4, 4, 4, 4]",8 R,CURRENT_icmp_sent,15,20
551,6,"[2, 4, 4, 4, 4, 5]",8 R,CURRENT_icmp_sent,19,24
552,6,"[4, 4, 4, 5, 5, 7]",9 R,CURRENT_icmp_recv,8,13
553,6,"[2, 4, 4, 5, 5, 5]",9 R,CURRENT_icmp_recv,13,18
554,6,"[2, 4, 4, 4, 4, 5]",9 R,CURRENT_icmp_sent,16,21
555,6,"[2, 4, 4, 4, 4, 5]",9 R,CURRENT_icmp_sent,17,22
556,6,"[2, 4, 4, 4, 4, 4]",9 R,CURRENT_icmp_sent,18,23
557,6,"[3, 4, 4, 4, 4, 4]",9 R,CURRENT_icmp_sent,19,24
558,6,"[3, 4, 4, 4, 4, 4]",9 R,CURRENT_icmp_sent,20,25
559,6,"[3, 4, 4, 4, 4, 4]",9 R,CURRENT_icmp_sent,21,26
560,6,"[3, 4, 4, 4, 4, 6]",9 R,CURRENT_icmp_sent,22,27
561,6,"[2, 3, 3, 3, 3, 6]",9 R,CURRENT_icmp_sent,27,32
562,6,"[2, 3, 3, 3, 3, 5]",9 R,CURRENT_icmp_sent,28,33
563,6,"[2, 3, 3, 3, 3, 5]",9 R,CURRENT_icmp_sent,29,34
564,7,"[3, 4, 4, 4, 5, 5, 8]",10 R,CURRENT_icmp_recv,7,13
565,7,"[4, 4, 4, 5, 5, 5, 8]",10 R,CURRENT_icmp_recv,8,14
566,7,"[4, 4, 4, 4, 5, 5, 8]",10 R,CURRENT_icmp_recv,9,15
567,7,"[3, 3, 3, 4, 4, 4, 6]",11 R,CURRENT_icmp_sent,29,35
568,7,"[3, 4, 4, 4, 4, 4, 4]",12 R,CURRENT_icmp_sent,16,22
569,7,"[4, 4, 5, 5, 6, 6, 9]",13 R,CURRENT_icmp_recv,17,23
570,7,"[4, 4, 5, 5, 5, 6, 9]",13 R,CURRENT_icmp_recv,18,24
571,7,"[0, 3, 3, 3, 4, 4, 4]",2 R,CURRENT_icmp_recv,21,27
572,7,"[0, 3, 3, 3, 4, 4, 4]",2 R,CURRENT_icmp_recv,22,28
573,7,"[0, 3, 3, 3, 3, 4, 4]",2 R,CURRENT_icmp_recv,23,29
574,7,"[0, 3, 3, 3, 3, 4, 4]",2 R,CURRENT_icmp_recv,24,30
575,7,"[2, 2, 3, 3, 3, 3, 5]",2 R,CURRENT_icmp_recv,28,34
576,7,"[5, 5, 6, 6, 6, 6, 8]",3 R,CURRENT_icmp_sent,20,26
577,7,"[5, 6, 6, 6, 6, 6, 8]",3 R,CURRENT_icmp_sent,21,27
578,7,"[5, 5, 6, 6, 6, 6, 8]",3 R,CURRENT_icmp_sent,22,28
579,7,"[5, 6, 6, 6, 6, 6, 8]",3 R,CURRENT_icmp_sent,23,29
580,7,"[5, 6, 6, 6, 6, 6, 8]",3 R,CURRENT_icmp_sent,24,30
581,7,"[5, 5, 5, 6, 6, 6, 8]",3 R,CURRENT_icmp_sent,28,34
582,7,"[2, 3, 3, 3, 3, 3, 6]",4 R,CURRENT_icmp_recv,13,19
583,7,"[3, 3, 3, 3, 3, 4, 6]",4 R,CURRENT_icmp_recv,15,21
584,7,"[3, 3, 3, 3, 3, 4, 6]",4 R,CURRENT_icmp_recv,16,22
585,7,"[3, 3, 3, 3, 3, 4, 6]",4 R,CURRENT_icmp_recv,17,23
586,7,"[3, 3, 3, 3, 4, 4, 6]",4 R,CURRENT_icmp_recv,18,24
587,7,"[3, 3, 3, 3, 4, 4, 6]",4 R,CURRENT_icmp_recv,19,25
588,7,"[4, 5, 5, 5, 5, 5, 5]",4 R,CURRENT_icmp_sent,13,19
589,7,"[4, 4, 4, 4, 5, 5, 7]",9 R,CURRENT_icmp_recv,8,14
590,7,"[2, 4, 4, 4, 5, 5, 5]",9 R,CURRENT_icmp_recv,12,18
591,7,"[2, 4, 4, 4, 4, 4, 5]",9 R,CURRENT_icmp_sent,16,22
592,7,"[2, 4, 4, 4, 4, 4, 5]",9 R,CURRENT_icmp_sent,17,23
593,7,"[3, 4, 4, 4, 4, 4, 4]",9 R,CURRENT_icmp_sent,19,25
594,7,"[3, 4, 4, 4, 4, 4, 4]",9 R,CURRENT_icmp_sent,20,26
595,7,"[3, 4, 4, 4, 4, 4, 6]",9 R,CURRENT_icmp_sent,21,27
596,7,"[2, 2, 3, 3, 3, 3, 5]",9 R,CURRENT_icmp_sent,28,34
597,8,"[4, 4, 4, 4, 5, 5, 5, 8]",10 R,CURRENT_icmp_recv,8,15
598,8,"[4, 4, 4, 4, 5, 5, 6, 8]",10 R,CURRENT_icmp_recv,9,16
599,8,"[4, 4, 4, 5, 5, 6, 6, 8]",10 R,CURRENT_icmp_recv,10,17
600,8,"[3, 4, 4, 4, 5, 6, 6, 8]",10 R,CURRENT_icmp_recv,11,18
601,8,"[3, 4, 4, 4, 5, 6, 6, 8]",10 R,CURRENT_icmp_recv,12,19
602,8,"[3, 4, 4, 5, 6, 6, 6, 8]",10 R,CURRENT_icmp_recv,13,20
603,8,"[3, 3, 4, 5, 5, 5, 5, 7]",10 R,CURRENT_icmp_recv,21,28
604,8,"[3, 3, 4, 5, 5, 5, 5, 7]",10 R,CURRENT_icmp_recv,22,29
605,8,"[3, 4, 4, 5, 5, 5, 5, 6]",10 R,CURRENT_icmp_recv,27,34
606,8,"[2, 2, 2, 2, 3, 3, 3, 4]",11 R,CURRENT_icmp_recv,8,15
607,8,"[2, 2, 2, 2, 3, 3, 3, 4]",11 R,CURRENT_icmp_recv,9,16
608,8,"[2, 2, 2, 2, 2, 3, 3, 4]",11 R,CURRENT_icmp_recv,10,17
609,8,"[2, 2, 2, 2, 3, 3, 3, 4]",11 R,CURRENT_icmp_recv,11,18
610,8,"[2, 2, 2, 2, 3, 3, 3, 4]",11 R,CURRENT_icmp_recv,13,20
611,8,"[2, 2, 2, 2, 3, 3, 3, 4]",11 R,CURRENT_icmp_recv,14,21
612,8,"[2, 2, 3, 3, 3, 3, 3, 4]",11 R,CURRENT_icmp_recv,20,27
613,8,"[2, 2, 3, 3, 3, 3, 3, 4]",11 R,CURRENT_icmp_recv,21,28
614,8,"[2, 2, 3, 3, 3, 3, 3, 4]",11 R,CURRENT_icmp_recv,22,29
615,8,"[2, 2, 2, 3, 3, 3, 3, 4]",11 R,CURRENT_icmp_recv,26,33
616,8,"[2, 2, 2, 3, 3, 3, 3, 4]",11 R,CURRENT_icmp_recv,27,34
617,8,"[2, 2, 2, 3, 3, 3, 3, 4]",11 R,CURRENT_icmp_recv,28,35
618,8,"[3, 3, 4, 4, 4, 4, 4, 5]",11 R,CURRENT_icmp_sent,8,15
619,8,"[3, 3, 4, 4, 4, 4, 4, 5]",11 R,CURRENT_icmp_sent,9,16
620,8,"[3, 3, 3, 4, 4, 4, 4, 5]",11 R,CURRENT_icmp_sent,10,17
621,8,"[3, 3, 3, 3, 4, 4, 4, 5]",11 R,CURRENT_icmp_sent,11,18
622,8,"[3, 3, 3, 4, 4, 4, 4, 5]",11 R,CURRENT_icmp_sent,12,19
623,8,"[3, 3, 4, 4, 4, 4, 4, 5]",11 R,CURRENT_icmp_sent,13,20
624,8,"[2, 3, 3, 4, 4, 4, 4, 5]",11 R,CURRENT_icmp_sent,14,21
625,8,"[2, 3, 3, 4, 4, 4, 4, 5]",11 R,CURRENT_icmp_sent,15,22
626,8,"[2, 3, 3, 4, 4, 4, 4, 5]",11 R,CURRENT_icmp_sent,16,23
627,8,"[2, 3, 3, 4, 4, 4, 4, 4]",11 R,CURRENT_icmp_sent,22,29
628,8,"[2, 3, 3, 4, 4, 4, 4, 4]",11 R,CURRENT_icmp_sent,23,30
629,8,"[2, 3, 3, 4, 4, 4, 4, 4]",11 R,CURRENT_icmp_sent,24,31
630,8,"[3, 3, 3, 3, 4, 4, 4, 6]",11 R,CURRENT_icmp_sent,28,35
631,8,"[2, 3, 3, 4, 4, 4, 4, 4]",12 R,CURRENT_icmp_sent,12,19
632,8,"[2, 3, 3, 4, 4, 4, 4, 4]",12 R,CURRENT_icmp_sent,13,20
633,8,"[2, 3, 3, 4, 4, 4, 4, 4]",12 R,CURRENT_icmp_sent,14,21
634,8,"[2, 3, 4, 4, 4, 4, 4, 4]",12 R,CURRENT_icmp_sent,15,22
635,8,"[3, 3, 4, 4, 4, 4, 4, 5]",12 R,CURRENT_icmp_sent,17,24
636,8,"[3, 3, 3, 4, 4, 4, 4, 5]",12 R,CURRENT_icmp_sent,18,25
637,8,"[3, 3, 3, 3, 4, 4, 4, 5]",12 R,CURRENT_icmp_sent,19,26
638,8,"[3, 3, 3, 4, 4, 4, 4, 5]",12 R,CURRENT_icmp_sent,20,27
639,8,"[3, 3, 3, 3, 4, 4, 4, 5]",12 R,CURRENT_icmp_sent,21,28
640,8,"[3, 3, 3, 3, 4, 4, 4, 5]",12 R,CURRENT_icmp_sent,22,29
641,8,"[3, 3, 3, 3, 4, 4, 4, 5]",12 R,CURRENT_icmp_sent,23,30
642,8,"[3, 3, 3, 4, 4, 4, 4, 5]",12 R,CURRENT_icmp_sent,24,31
643,8,"[3, 3, 4, 4, 4, 4, 4, 5]",12 R,CURRENT_icmp_sent,27,34
644,8,"[3, 3, 4, 4, 4, 4, 4, 5]",12 R,CURRENT_icmp_sent,28,35
645,8,"[4, 4, 5, 5, 5, 6, 6, 9]",13 R,CURRENT_icmp_recv,17,24
646,8,"[3, 4, 4, 5, 5, 5, 6, 9]",13 R,CURRENT_icmp_recv,18,25
647,8,"[3, 4, 5, 5, 5, 6, 6, 9]",13 R,CURRENT_icmp_recv,19,26
648,8,"[0, 2, 2, 3, 3, 3, 4, 4]",2 R,CURRENT_icmp_recv,17,24
649,8,"[0, 2, 2, 3, 3, 3, 4, 4]",2 R,CURRENT_icmp_recv,18,25
650,8,"[0, 2, 3, 3, 3, 4, 4, 4]",2 R,CURRENT_icmp_recv,19,26
651,8,"[0, 2, 3, 3, 3, 4, 4, 4]",2 R,CURRENT_icmp_recv,20,27
652,8,"[0, 3, 3, 3, 3, 4, 4, 4]",2 R,CURRENT_icmp_recv,21,28
653,8,"[0, 3, 3, 3, 3, 4, 4, 4]",2 R,CURRENT_icmp_recv,22,29
654,8,"[0, 3, 3, 3, 3, 3, 4, 4]",2 R,CURRENT_icmp_recv,23,30
655,8,"[0, 2, 3, 3, 3, 3, 4, 4]",2 R,CURRENT_icmp_recv,24,31
656,8,"[3, 3, 3, 4, 4, 4, 4, 5]",2 R,CURRENT_icmp_sent,8,15
657,8,"[3, 3, 4, 4, 4, 4, 4, 5]",2 R,CURRENT_icmp_sent,9,16
658,8,"[3, 3, 4, 4, 4, 4, 4, 5]",2 R,CURRENT_icmp_sent,10,17
659,8,"[3, 3, 3, 4, 4, 4, 4, 5]",2 R,CURRENT_icmp_sent,11,18
660,8,"[3, 3, 3, 4, 4, 4, 4, 5]",2 R,CURRENT_icmp_sent,13,20
661,8,"[3, 3, 3, 3, 4, 4, 4, 5]",2 R,CURRENT_icmp_sent,14,21
662,8,"[3, 3, 3, 3, 4, 4, 4, 5]",2 R,CURRENT_icmp_sent,15,22
663,8,"[2, 3, 3, 3, 4, 4, 4, 5]",2 R,CURRENT_icmp_sent,24,31
664,8,"[3, 3, 3, 3, 4, 4, 4, 5]",2 R,CURRENT_icmp_sent,25,32
665,8,"[3, 3, 3, 3, 4, 4, 4, 5]",2 R,CURRENT_icmp_sent,26,33
666,8,"[3, 3, 3, 3, 3, 4, 4, 5]",2 R,CURRENT_icmp_sent,28,35
667,8,"[4, 4, 4, 4, 4, 5, 5, 6]",3 R,CURRENT_icmp_recv,8,15
668,8,"[5, 5, 5, 5, 6, 6, 6, 7]",3 R,CURRENT_icmp_sent,8,15
669,8,"[5, 5, 6, 6, 6, 6, 6, 8]",3 R,CURRENT_icmp_sent,20,27
670,8,"[5, 5, 6, 6, 6, 6, 6, 8]",3 R,CURRENT_icmp_sent,21,28
671,8,"[5, 5, 6, 6, 6, 6, 6, 8]",3 R,CURRENT_icmp_sent,22,29
672,8,"[5, 6, 6, 6, 6, 6, 6, 8]",3 R,CURRENT_icmp_sent,23,30
673,8,"[5, 5, 6, 6, 6, 6, 6, 8]",3 R,CURRENT_icmp_sent,24,31
674,8,"[5, 5, 5, 6, 6, 6, 6, 8]",3 R,CURRENT_icmp_sent,27,34
675,8,"[4, 5, 5, 5, 6, 6, 6, 8]",3 R,CURRENT_icmp_sent,28,35
676,8,"[2, 3, 3, 3, 3, 3, 4, 6]",4 R,CURRENT_icmp_recv,8,15
677,8,"[2, 3, 3, 3, 3, 3, 4, 6]",4 R,CURRENT_icmp_recv,13,20
678,8,"[2, 3, 3, 3, 3, 3, 4, 6]",4 R,CURRENT_icmp_recv,14,21
679,8,"[3, 3, 3, 3, 3, 3, 4, 6]",4 R,CURRENT_icmp_recv,15,22
680,8,"[3, 3, 3, 3, 3, 4, 4, 6]",4 R,CURRENT_icmp_recv,17,24
681,8,"[3, 3, 3, 3, 3, 4, 4, 6]",4 R,CURRENT_icmp_recv,18,25
682,8,"[3, 3, 3, 3, 4, 4, 4, 5]",4 R,CURRENT_icmp_recv,24,31
683,8,"[2, 3, 3, 3, 3, 4, 4, 5]",4 R,CURRENT_icmp_recv,25,32
684,8,"[2, 3, 3, 3, 4, 4, 4, 5]",4 R,CURRENT_icmp_recv,27,34
685,8,"[2, 3, 3, 3, 4, 4, 4, 5]",4 R,CURRENT_icmp_recv,28,35
686,8,"[4, 5, 5, 5, 5, 5, 6, 6]",4 R,CURRENT_icmp_sent,8,15
687,8,"[4, 5, 5, 5, 5, 5, 6, 6]",4 R,CURRENT_icmp_sent,10,17
688,8,"[4, 5, 5, 5, 5, 5, 6, 6]",4 R,CURRENT_icmp_sent,11,18
689,8,"[4, 5, 5, 5, 5, 5, 5, 6]",4 R,CURRENT_icmp_sent,12,19
690,8,"[3, 4, 4, 4, 4, 5, 5, 5]",4 R,CURRENT_icmp_sent,17,24
691,8,"[3, 4, 4, 4, 4, 5, 5, 5]",4 R,CURRENT_icmp_sent,18,25
692,8,"[3, 4, 4, 4, 4, 5, 5, 6]",4 R,CURRENT_icmp_sent,19,26
693,8,"[3, 4, 4, 4, 4, 5, 5, 6]",4 R,CURRENT_icmp_sent,20,27
694,8,"[3, 4, 4, 4, 4, 5, 5, 6]",4 R,CURRENT_icmp_sent,21,28
695,8,"[3, 4, 4, 4, 5, 5, 5, 6]",4 R,CURRENT_icmp_sent,22,29
696,8,"[3, 4, 4, 5, 5, 5, 5, 6]",4 R,CURRENT_icmp_sent,23,30
697,8,"[3, 4, 4, 5, 5, 5, 5, 6]",4 R,CURRENT_icmp_sent,24,31
698,8,"[3, 4, 4, 5, 5, 5, 5, 6]",4 R,CURRENT_icmp_sent,25,32
699,8,"[3, 4, 4, 5, 5, 5, 5, 6]",4 R,CURRENT_icmp_sent,26,33
700,8,"[3, 4, 4, 5, 5, 5, 5, 5]",4 R,CURRENT_icmp_sent,27,34
701,8,"[3, 4, 4, 5, 5, 5, 5, 5]",4 R,CURRENT_icmp_sent,28,35
702,8,"[3, 3, 3, 3, 4, 5, 5, 7]",6 R,CURRENT_icmp_recv,11,18
703,8,"[3, 3, 3, 4, 4, 5, 5, 7]",6 R,CURRENT_icmp_recv,17,24
704,8,"[3, 3, 4, 4, 4, 5, 5, 7]",6 R,CURRENT_icmp_recv,18,25
705,8,"[3, 3, 4, 4, 4, 5, 5, 7]",6 R,CURRENT_icmp_recv,19,26
706,8,"[3, 3, 4, 4, 4, 5, 5, 7]",6 R,CURRENT_icmp_recv,20,27
707,8,"[2, 3, 3, 4, 4, 5, 5, 7]",6 R,CURRENT_icmp_recv,21,28
708,8,"[2, 3, 3, 4, 4, 5, 5, 7]",6 R,CURRENT_icmp_recv,22,29
709,8,"[2, 3, 3, 4, 4, 4, 4, 4]",8 R,CURRENT_icmp_sent,9,16
710,8,"[2, 3, 3, 4, 4, 4, 4, 4]",8 R,CURRENT_icmp_sent,10,17
711,8,"[2, 3, 3, 3, 4, 4, 4, 4]",8 R,CURRENT_icmp_sent,11,18
712,8,"[2, 3, 3, 4, 4, 4, 4, 4]",8 R,CURRENT_icmp_sent,12,19
713,8,"[2, 3, 3, 4, 4, 4, 4, 4]",8 R,CURRENT_icmp_sent,13,20
714,8,"[2, 3, 3, 4, 4, 4, 4, 4]",8 R,CURRENT_icmp_sent,14,21
715,8,"[2, 3, 4, 4, 4, 4, 4, 4]",8 R,CURRENT_icmp_sent,15,22
716,8,"[2, 3, 4, 4, 4, 4, 4, 5]",8 R,CURRENT_icmp_sent,16,23
717,8,"[2, 3, 4, 4, 4, 4, 4, 5]",8 R,CURRENT_icmp_sent,17,24
718,8,"[2, 3, 3, 3, 3, 4, 4, 5]",8 R,CURRENT_icmp_sent,24,31
719,8,"[2, 3, 3, 3, 3, 4, 4, 5]",8 R,CURRENT_icmp_sent,25,32
720,8,"[3, 3, 3, 3, 4, 4, 4, 5]",8 R,CURRENT_icmp_sent,26,33
721,8,"[3, 3, 3, 4, 4, 4, 4, 5]",8 R,CURRENT_icmp_sent,27,34
722,8,"[4, 4, 4, 4, 5, 5, 5, 7]",9 R,CURRENT_icmp_recv,8,15
723,8,"[2, 4, 4, 4, 4, 5, 5, 5]",9 R,CURRENT_icmp_recv,11,18
724,8,"[2, 4, 4, 4, 5, 5, 5, 7]",9 R,CURRENT_icmp_recv,12,19
725,8,"[2, 4, 4, 5, 5, 5, 6, 7]",9 R,CURRENT_icmp_recv,13,20
726,8,"[2, 4, 5, 5, 5, 6, 6, 7]",9 R,CURRENT_icmp_recv,22,29
727,8,"[2, 4, 5, 5, 5, 6, 6, 7]",9 R,CURRENT_icmp_recv,23,30
728,8,"[2, 4, 4, 5, 5, 5, 6, 7]",9 R,CURRENT_icmp_recv,24,31
729,8,"[2, 4, 4, 5, 5, 5, 6, 7]",9 R,CURRENT_icmp_recv,25,32
730,8,"[2, 3, 4, 5, 5, 5, 6, 9]",9 R,CURRENT_icmp_recv,27,34
731,8,"[2, 3, 3, 4, 5, 5, 6, 9]",9 R,CURRENT_icmp_recv,28,35
732,8,"[2, 3, 3, 3, 4, 4, 4, 4]",9 R,CURRENT_icmp_sent,8,15
733,8,"[2, 3, 3, 3, 4, 4, 4, 4]",9 R,CURRENT_icmp_sent,9,16
734,8,"[2, 3, 3, 4, 4, 4, 4, 5]",9 R,CURRENT_icmp_sent,10,17
735,8,"[2, 4, 4, 4, 4, 4, 4, 5]",9 R,CURRENT_icmp_sent,16,23
736,8,"[2, 3, 4, 4, 4, 4, 4, 5]",9 R,CURRENT_icmp_sent,17,24
737,8,"[2, 3, 4, 4, 4, 4, 4, 4]",9 R,CURRENT_icmp_sent,18,25
738,8,"[3, 4, 4, 4, 4, 4, 4, 4]",9 R,CURRENT_icmp_sent,19,26
739,8,"[3, 4, 4, 4, 4, 4, 4, 6]",9 R,CURRENT_icmp_sent,20,27
740,8,"[2, 3, 4, 4, 4, 4, 4, 6]",9 R,CURRENT_icmp_sent,21,28
741,8,"[2, 3, 3, 4, 4, 4, 4, 6]",9 R,CURRENT_icmp_sent,22,29
742,8,"[2, 3, 3, 3, 4, 4, 4, 6]",9 R,CURRENT_icmp_sent,23,30
743,8,"[2, 3, 3, 3, 3, 4, 4, 6]",9 R,CURRENT_icmp_sent,24,31
744,8,"[2, 3, 3, 3, 3, 4, 4, 6]",9 R,CURRENT_icmp_sent,25,32
745,9,"[4, 4, 4, 4, 5, 5, 6, 6, 8]",10 R,CURRENT_icmp_recv,9,17
746,9,"[3, 4, 4, 4, 5, 5, 6, 6, 8]",10 R,CURRENT_icmp_recv,10,18
747,9,"[3, 4, 4, 4, 4, 5, 6, 6, 8]",10 R,CURRENT_icmp_recv,11,19
748,9,"[3, 4, 4, 4, 5, 6, 6, 6, 8]",10 R,CURRENT_icmp_recv,12,20
749,9,"[3, 4, 4, 5, 5, 6, 6, 6, 8]",10 R,CURRENT_icmp_recv,13,21
750,9,"[3, 3, 4, 5, 5, 5, 5, 5, 7]",10 R,CURRENT_icmp_recv,21,29
751,9,"[2, 2, 2, 2, 2, 3, 3, 3, 4]",11 R,CURRENT_icmp_recv,9,17
752,9,"[2, 2, 2, 2, 2, 3, 3, 3, 4]",11 R,CURRENT_icmp_recv,10,18
753,9,"[2, 2, 2, 2, 3, 3, 3, 3, 4]",11 R,CURRENT_icmp_recv,13,21
754,9,"[2, 2, 2, 3, 3, 3, 3, 3, 4]",11 R,CURRENT_icmp_recv,20,28
755,9,"[2, 2, 3, 3, 3, 3, 3, 3, 4]",11 R,CURRENT_icmp_recv,21,29
756,9,"[2, 2, 2, 3, 3, 3, 3, 3, 4]",11 R,CURRENT_icmp_recv,22,30
757,9,"[2, 2, 2, 3, 3, 3, 3, 3, 4]",11 R,CURRENT_icmp_recv,25,33
758,9,"[2, 2, 2, 3, 3, 3, 3, 3, 4]",11 R,CURRENT_icmp_recv,26,34
759,9,"[2, 2, 2, 3, 3, 3, 3, 3, 4]",11 R,CURRENT_icmp_recv,27,35
760,9,"[3, 3, 3, 4, 4, 4, 4, 4, 5]",11 R,CURRENT_icmp_sent,9,17
761,9,"[3, 3, 3, 3, 4, 4, 4, 4, 5]",11 R,CURRENT_icmp_sent,10,18
762,9,"[3, 3, 3, 3, 4, 4, 4, 4, 5]",11 R,CURRENT_icmp_sent,11,19
763,9,"[3, 3, 3, 4, 4, 4, 4, 4, 5]",11 R,CURRENT_icmp_sent,12,20
764,9,"[2, 3, 3, 4, 4, 4, 4, 4, 5]",11 R,CURRENT_icmp_sent,13,21
765,9,"[2, 3, 3, 4, 4, 4, 4, 4, 5]",11 R,CURRENT_icmp_sent,14,22
766,9,"[2, 3, 3, 4, 4, 4, 4, 4, 5]",11 R,CURRENT_icmp_sent,15,23
767,9,"[2, 3, 3, 4, 4, 4, 4, 4, 4]",11 R,CURRENT_icmp_sent,22,30
768,9,"[2, 3, 3, 4, 4, 4, 4, 4, 4]",11 R,CURRENT_icmp_sent,23,31
769,9,"[2, 3, 3, 3, 4, 4, 4, 4, 4]",11 R,CURRENT_icmp_sent,24,32
770,9,"[3, 3, 3, 3, 4, 4, 4, 4, 6]",11 R,CURRENT_icmp_sent,27,35
771,9,"[2, 3, 3, 4, 4, 4, 4, 4, 4]",12 R,CURRENT_icmp_sent,12,20
772,9,"[2, 3, 3, 4, 4, 4, 4, 4, 4]",12 R,CURRENT_icmp_sent,13,21
773,9,"[2, 3, 3, 4, 4, 4, 4, 4, 4]",12 R,CURRENT_icmp_sent,14,22
774,9,"[2, 3, 3, 4, 4, 4, 4, 4, 4]",12 R,CURRENT_icmp_sent,15,23
775,9,"[3, 3, 4, 4, 4, 4, 4, 4, 5]",12 R,CURRENT_icmp_sent,16,24
776,9,"[3, 3, 3, 4, 4, 4, 4, 4, 5]",12 R,CURRENT_icmp_sent,17,25
777,9,"[3, 3, 3, 3, 4, 4, 4, 4, 5]",12 R,CURRENT_icmp_sent,18,26
778,9,"[3, 3, 3, 3, 4, 4, 4, 4, 5]",12 R,CURRENT_icmp_sent,19,27
779,9,"[3, 3, 3, 3, 4, 4, 4, 4, 5]",12 R,CURRENT_icmp_sent,20,28
780,9,"[3, 3, 3, 3, 4, 4, 4, 4, 5]",12 R,CURRENT_icmp_sent,21,29
781,9,"[3, 3, 3, 3, 4, 4, 4, 4, 5]",12 R,CURRENT_icmp_sent,22,30
782,9,"[3, 3, 3, 3, 4, 4, 4, 4, 5]",12 R,CURRENT_icmp_sent,23,31
783,9,"[3, 3, 3, 3, 4, 4, 4, 4, 5]",12 R,CURRENT_icmp_sent,24,32
784,9,"[3, 3, 3, 4, 4, 4, 4, 4, 5]",12 R,CURRENT_icmp_sent,26,34
785,9,"[3, 3, 4, 4, 4, 4, 4, 4, 5]",12 R,CURRENT_icmp_sent,27,35
786,9,"[3, 4, 4, 5, 5, 5, 6, 6, 9]",13 R,CURRENT_icmp_recv,17,25
787,9,"[3, 4, 4, 5, 5, 5, 6, 6, 9]",13 R,CURRENT_icmp_recv,18,26
788,9,"[0, 2, 2, 3, 3, 3, 3, 4, 4]",2 R,CURRENT_icmp_recv,16,24
789,9,"[0, 2, 2, 3, 3, 3, 3, 4, 4]",2 R,CURRENT_icmp_recv,17,25
790,9,"[0, 2, 2, 3, 3, 3, 4, 4, 4]",2 R,CURRENT_icmp_recv,18,26
791,9,"[0, 2, 3, 3, 3, 4, 4, 4, 4]",2 R,CURRENT_icmp_recv,19,27
792,9,"[0, 2, 3, 3, 3, 3, 4, 4, 4]",2 R,CURRENT_icmp_recv,20,28
793,9,"[0, 3, 3, 3, 3, 3, 4, 4, 4]",2 R,CURRENT_icmp_recv,21,29
794,9,"[0, 3, 3, 3, 3, 3, 4, 4, 4]",2 R,CURRENT_icmp_recv,22,30
795,9,"[0, 2, 3, 3, 3, 3, 3, 4, 4]",2 R,CURRENT_icmp_recv,23,31
796,9,"[0, 2, 2, 3, 3, 3, 3, 4, 4]",2 R,CURRENT_icmp_recv,24,32
797,9,"[3, 3, 3, 4, 4, 4, 4, 4, 5]",2 R,CURRENT_icmp_sent,9,17
798,9,"[3, 3, 3, 4, 4, 4, 4, 4, 5]",2 R,CURRENT_icmp_sent,10,18
799,9,"[3, 3, 3, 4, 4, 4, 4, 4, 5]",2 R,CURRENT_icmp_sent,11,19
800,9,"[3, 3, 3, 4, 4, 4, 4, 4, 5]",2 R,CURRENT_icmp_sent,12,20
801,9,"[3, 3, 3, 3, 4, 4, 4, 4, 5]",2 R,CURRENT_icmp_sent,13,21
802,9,"[3, 3, 3, 3, 4, 4, 4, 4, 5]",2 R,CURRENT_icmp_sent,14,22
803,9,"[2, 3, 3, 3, 3, 4, 4, 4, 5]",2 R,CURRENT_icmp_sent,24,32
804,9,"[3, 3, 3, 3, 3, 4, 4, 4, 5]",2 R,CURRENT_icmp_sent,25,33
805,9,"[5, 5, 5, 6, 6, 6, 6, 6, 8]",3 R,CURRENT_icmp_sent,20,28
806,9,"[5, 5, 6, 6, 6, 6, 6, 6, 8]",3 R,CURRENT_icmp_sent,21,29
807,9,"[5, 5, 6, 6, 6, 6, 6, 6, 8]",3 R,CURRENT_icmp_sent,22,30
808,9,"[5, 5, 6, 6, 6, 6, 6, 6, 8]",3 R,CURRENT_icmp_sent,23,31
809,9,"[5, 5, 5, 6, 6, 6, 6, 6, 8]",3 R,CURRENT_icmp_sent,24,32
810,9,"[5, 5, 5, 6, 6, 6, 6, 6, 8]",3 R,CURRENT_icmp_sent,26,34
811,9,"[4, 5, 5, 5, 6, 6, 6, 6, 8]",3 R,CURRENT_icmp_sent,27,35
812,9,"[2, 3, 3, 3, 3, 3, 3, 4, 6]",4 R,CURRENT_icmp_recv,13,21
813,9,"[2, 3, 3, 3, 3, 3, 3, 4, 6]",4 R,CURRENT_icmp_recv,14,22
814,9,"[3, 3, 3, 3, 3, 3, 4, 4, 6]",4 R,CURRENT_icmp_recv,17,25
815,9,"[2, 3, 3, 3, 3, 4, 4, 4, 5]",4 R,CURRENT_icmp_recv,24,32
816,9,"[2, 3, 3, 3, 3, 4, 4, 4, 5]",4 R,CURRENT_icmp_recv,27,35
817,9,"[4, 5, 5, 5, 5, 5, 5, 6, 6]",4 R,CURRENT_icmp_sent,9,17
818,9,"[4, 5, 5, 5, 5, 5, 5, 6, 6]",4 R,CURRENT_icmp_sent,10,18
819,9,"[4, 5, 5, 5, 5, 5, 5, 6, 6]",4 R,CURRENT_icmp_sent,11,19
820,9,"[4, 4, 5, 5, 5, 5, 5, 5, 6]",4 R,CURRENT_icmp_sent,12,20
821,9,"[3, 4, 4, 4, 4, 5, 5, 5, 5]",4 R,CURRENT_icmp_sent,16,24
822,9,"[3, 4, 4, 4, 4, 4, 5, 5, 5]",4 R,CURRENT_icmp_sent,17,25
823,9,"[3, 4, 4, 4, 4, 5, 5, 5, 6]",4 R,CURRENT_icmp_sent,18,26
824,9,"[3, 4, 4, 4, 4, 5, 5, 5, 6]",4 R,CURRENT_icmp_sent,19,27
825,9,"[3, 4, 4, 4, 4, 4, 5, 5, 6]",4 R,CURRENT_icmp_sent,20,28
826,9,"[3, 4, 4, 4, 4, 5, 5, 5, 6]",4 R,CURRENT_icmp_sent,21,29
827,9,"[3, 4, 4, 4, 5, 5, 5, 5, 6]",4 R,CURRENT_icmp_sent,22,30
828,9,"[3, 4, 4, 5, 5, 5, 5, 5, 6]",4 R,CURRENT_icmp_sent,23,31
829,9,"[3, 4, 4, 4, 5, 5, 5, 5, 6]",4 R,CURRENT_icmp_sent,25,33
830,9,"[3, 4, 4, 5, 5, 5, 5, 5, 6]",4 R,CURRENT_icmp_sent,26,34
831,9,"[3, 4, 4, 5, 5, 5, 5, 5, 5]",4 R,CURRENT_icmp_sent,27,35
832,9,"[3, 3, 3, 4, 4, 4, 5, 5, 7]",6 R,CURRENT_icmp_recv,17,25
833,9,"[3, 3, 3, 4, 4, 4, 5, 5, 7]",6 R,CURRENT_icmp_recv,18,26
834,9,"[2, 3, 3, 4, 4, 4, 5, 5, 7]",6 R,CURRENT_icmp_recv,20,28
835,9,"[2, 3, 3, 4, 4, 4, 5, 5, 7]",6 R,CURRENT_icmp_recv,21,29
836,9,"[2, 3, 3, 4, 4, 4, 4, 4, 4]",8 R,CURRENT_icmp_sent,9,17
837,9,"[2, 3, 3, 3, 4, 4, 4, 4, 4]",8 R,CURRENT_icmp_sent,10,18
838,9,"[2, 3, 3, 3, 4, 4, 4, 4, 4]",8 R,CURRENT_icmp_sent,11,19
839,9,"[2, 3, 3, 4, 4, 4, 4, 4, 4]",8 R,CURRENT_icmp_sent,12,20
840,9,"[2, 3, 3, 4, 4, 4, 4, 4, 4]",8 R,CURRENT_icmp_sent,14,22
841,9,"[2, 3, 4, 4, 4, 4, 4, 4, 5]",8 R,CURRENT_icmp_sent,15,23
842,9,"[2, 3, 4, 4, 4, 4, 4, 4, 5]",8 R,CURRENT_icmp_sent,16,24
843,9,"[2, 3, 3, 3, 3, 4, 4, 4, 5]",8 R,CURRENT_icmp_sent,24,32
844,9,"[2, 3, 3, 3, 3, 4, 4, 4, 5]",8 R,CURRENT_icmp_sent,25,33
845,9,"[3, 3, 3, 3, 4, 4, 4, 4, 5]",8 R,CURRENT_icmp_sent,26,34
846,9,"[3, 3, 3, 3, 4, 4, 4, 4, 5]",8 R,CURRENT_icmp_sent,27,35
847,9,"[2, 4, 4, 4, 4, 5, 5, 5, 5]",9 R,CURRENT_icmp_recv,10,18
848,9,"[2, 4, 4, 4, 4, 5, 5, 5, 7]",9 R,CURRENT_icmp_recv,11,19
849,9,"[2, 4, 4, 4, 5, 5, 5, 6, 7]",9 R,CURRENT_icmp_recv,12,20
850,9,"[2, 4, 5, 5, 5, 6, 6, 6, 7]",9 R,CURRENT_icmp_recv,22,30
851,9,"[2, 4, 4, 5, 5, 5, 6, 6, 7]",9 R,CURRENT_icmp_recv,23,31
852,9,"[2, 4, 4, 5, 5, 5, 5, 6, 7]",9 R,CURRENT_icmp_recv,24,32
853,9,"[2, 3, 3, 4, 5, 5, 5, 6, 9]",9 R,CURRENT_icmp_recv,27,35
854,9,"[2, 3, 3, 3, 4, 4, 4, 4, 5]",9 R,CURRENT_icmp_sent,9,17
855,9,"[2, 3, 4, 4, 4, 4, 4, 4, 5]",9 R,CURRENT_icmp_sent,16,24
856,9,"[2, 3, 4, 4, 4, 4, 4, 4, 5]",9 R,CURRENT_icmp_sent,17,25
857,9,"[2, 3, 4, 4, 4, 4, 4, 4, 4]",9 R,CURRENT_icmp_sent,18,26
858,9,"[3, 4, 4, 4, 4, 4, 4, 4, 6]",9 R,CURRENT_icmp_sent,19,27
859,9,"[2, 3, 4, 4, 4, 4, 4, 4, 6]",9 R,CURRENT_icmp_sent,20,28
860,9,"[2, 3, 3, 4, 4, 4, 4, 4, 6]",9 R,CURRENT_icmp_sent,21,29
861,9,"[2, 3, 3, 3, 4, 4, 4, 4, 6]",9 R,CURRENT_icmp_sent,22,30
862,9,"[2, 3, 3, 3, 3, 4, 4, 4, 6]",9 R,CURRENT_icmp_sent,23,31
863,9,"[2, 3, 3, 3, 3, 3, 4, 4, 6]",9 R,CURRENT_icmp_sent,24,32
864,10,"[3, 4, 4, 4, 4, 5, 5, 6, 6, 8]",10 R,CURRENT_icmp_recv,10,19
865,10,"[3, 4, 4, 4, 4, 5, 6, 6, 6, 8]",10 R,CURRENT_icmp_recv,11,20
866,10,"[3, 4, 4, 4, 5, 5, 6, 6, 6, 8]",10 R,CURRENT_icmp_recv,12,21
867,10,"[3, 4, 4, 4, 5, 5, 6, 6, 6, 8]",10 R,CURRENT_icmp_recv,13,22
868,10,"[2, 2, 2, 3, 3, 3, 3, 3, 3, 4]",11 R,CURRENT_icmp_recv,20,29
869,10,"[2, 2, 2, 3, 3, 3, 3, 3, 3, 4]",11 R,CURRENT_icmp_recv,21,30
870,10,"[2, 2, 2, 3, 3, 3, 3, 3, 3, 4]",11 R,CURRENT_icmp_recv,22,31
871,10,"[2, 2, 2, 2, 3, 3, 3, 3, 3, 4]",11 R,CURRENT_icmp_recv,24,33
872,10,"[2, 2, 2, 3, 3, 3, 3, 3, 3, 4]",11 R,CURRENT_icmp_recv,25,34
873,10,"[2, 2, 2, 3, 3, 3, 3, 3, 3, 4]",11 R,CURRENT_icmp_recv,26,35
874,10,"[3, 3, 3, 3, 4, 4, 4, 4, 4, 5]",11 R,CURRENT_icmp_sent,10,19
875,10,"[3, 3, 3, 3, 4, 4, 4, 4, 4, 5]",11 R,CURRENT_icmp_sent,11,20
876,10,"[2, 3, 3, 3, 4, 4, 4, 4, 4, 5]",11 R,CURRENT_icmp_sent,12,21
877,10,"[2, 3, 3, 4, 4, 4, 4, 4, 4, 5]",11 R,CURRENT_icmp_sent,13,22
878,10,"[2, 3, 3, 4, 4, 4, 4, 4, 4, 5]",11 R,CURRENT_icmp_sent,14,23
879,10,"[2, 3, 3, 4, 4, 4, 4, 4, 4, 4]",11 R,CURRENT_icmp_sent,22,31
880,10,"[2, 3, 3, 3, 4, 4, 4, 4, 4, 4]",11 R,CURRENT_icmp_sent,23,32
881,10,"[2, 3, 3, 3, 3, 4, 4, 4, 4, 4]",11 R,CURRENT_icmp_sent,24,33
882,10,"[3, 3, 3, 3, 4, 4, 4, 4, 4, 6]",11 R,CURRENT_icmp_sent,26,35
883,10,"[2, 3, 3, 4, 4, 4, 4, 4, 4, 4]",12 R,CURRENT_icmp_sent,12,21
884,10,"[2, 3, 3, 4, 4, 4, 4, 4, 4, 4]",12 R,CURRENT_icmp_sent,13,22
885,10,"[2, 3, 3, 3, 4, 4, 4, 4, 4, 4]",12 R,CURRENT_icmp_sent,14,23
886,10,"[2, 3, 3, 4, 4, 4, 4, 4, 4, 5]",12 R,CURRENT_icmp_sent,15,24
887,10,"[3, 3, 3, 4, 4, 4, 4, 4, 4, 5]",12 R,CURRENT_icmp_sent,16,25
888,10,"[3, 3, 3, 3, 4, 4, 4, 4, 4, 5]",12 R,CURRENT_icmp_sent,17,26
889,10,"[3, 3, 3, 3, 4, 4, 4, 4, 4, 5]",12 R,CURRENT_icmp_sent,18,27
890,10,"[3, 3, 3, 3, 3, 4, 4, 4, 4, 5]",12 R,CURRENT_icmp_sent,19,28
891,10,"[3, 3, 3, 3, 4, 4, 4, 4, 4, 5]",12 R,CURRENT_icmp_sent,20,29
892,10,"[3, 3, 3, 3, 4, 4, 4, 4, 4, 5]",12 R,CURRENT_icmp_sent,21,30
893,10,"[3, 3, 3, 3, 4, 4, 4, 4, 4, 5]",12 R,CURRENT_icmp_sent,22,31
894,10,"[3, 3, 3, 3, 3, 4, 4, 4, 4, 5]",12 R,CURRENT_icmp_sent,23,32
895,10,"[3, 3, 3, 3, 4, 4, 4, 4, 4, 5]",12 R,CURRENT_icmp_sent,24,33
896,10,"[3, 3, 3, 3, 4, 4, 4, 4, 4, 5]",12 R,CURRENT_icmp_sent,25,34
897,10,"[3, 3, 3, 4, 4, 4, 4, 4, 4, 5]",12 R,CURRENT_icmp_sent,26,35
898,10,"[3, 4, 4, 5, 5, 5, 6, 6, 6, 9]",13 R,CURRENT_icmp_recv,17,26
899,10,"[0, 2, 2, 3, 3, 3, 3, 3, 4, 4]",2 R,CURRENT_icmp_recv,15,24
900,10,"[0, 2, 2, 3, 3, 3, 3, 3, 4, 4]",2 R,CURRENT_icmp_recv,16,25
901,10,"[0, 2, 2, 3, 3, 3, 3, 4, 4, 4]",2 R,CURRENT_icmp_recv,17,26
902,10,"[0, 2, 2, 3, 3, 3, 4, 4, 4, 4]",2 R,CURRENT_icmp_recv,18,27
903,10,"[0, 2, 3, 3, 3, 3, 4, 4, 4, 4]",2 R,CURRENT_icmp_recv,19,28
904,10,"[0, 2, 3, 3, 3, 3, 3, 4, 4, 4]",2 R,CURRENT_icmp_recv,20,29
905,10,"[0, 3, 3, 3, 3, 3, 3, 4, 4, 4]",2 R,CURRENT_icmp_recv,21,30
906,10,"[0, 2, 3, 3, 3, 3, 3, 4, 4, 4]",2 R,CURRENT_icmp_recv,22,31
907,10,"[0, 2, 2, 3, 3, 3, 3, 3, 4, 4]",2 R,CURRENT_icmp_recv,23,32
908,10,"[0, 2, 2, 3, 3, 3, 3, 3, 4, 4]",2 R,CURRENT_icmp_recv,24,33
909,10,"[3, 3, 3, 4, 4, 4, 4, 4, 4, 5]",2 R,CURRENT_icmp_sent,10,19
910,10,"[3, 3, 3, 3, 4, 4, 4, 4, 4, 5]",2 R,CURRENT_icmp_sent,12,21
911,10,"[3, 3, 3, 3, 4, 4, 4, 4, 4, 5]",2 R,CURRENT_icmp_sent,13,22
912,10,"[2, 3, 3, 3, 3, 3, 4, 4, 4, 5]",2 R,CURRENT_icmp_sent,24,33
913,10,"[5, 5, 5, 6, 6, 6, 6, 6, 6, 8]",3 R,CURRENT_icmp_sent,20,29
914,10,"[5, 5, 6, 6, 6, 6, 6, 6, 6, 8]",3 R,CURRENT_icmp_sent,21,30
915,10,"[5, 5, 5, 6, 6, 6, 6, 6, 6, 8]",3 R,CURRENT_icmp_sent,22,31
916,10,"[5, 5, 5, 6, 6, 6, 6, 6, 6, 8]",3 R,CURRENT_icmp_sent,23,32
917,10,"[5, 5, 5, 6, 6, 6, 6, 6, 6, 8]",3 R,CURRENT_icmp_sent,24,33
918,10,"[5, 5, 5, 6, 6, 6, 6, 6, 6, 8]",3 R,CURRENT_icmp_sent,25,34
919,10,"[4, 5, 5, 5, 6, 6, 6, 6, 6, 8]",3 R,CURRENT_icmp_sent,26,35
920,10,"[2, 3, 3, 3, 3, 3, 3, 3, 4, 6]",4 R,CURRENT_icmp_recv,13,22
921,10,"[4, 5, 5, 5, 5, 5, 5, 5, 6, 6]",4 R,CURRENT_icmp_sent,10,19
922,10,"[4, 4, 4, 5, 5, 5, 5, 5, 5, 6]",4 R,CURRENT_icmp_sent,12,21
923,10,"[3, 4, 4, 4, 4, 5, 5, 5, 5, 5]",4 R,CURRENT_icmp_sent,15,24
924,10,"[3, 4, 4, 4, 4, 4, 5, 5, 5, 5]",4 R,CURRENT_icmp_sent,16,25
925,10,"[3, 4, 4, 4, 4, 4, 5, 5, 5, 6]",4 R,CURRENT_icmp_sent,17,26
926,10,"[3, 4, 4, 4, 4, 5, 5, 5, 5, 6]",4 R,CURRENT_icmp_sent,18,27
927,10,"[3, 4, 4, 4, 4, 4, 5, 5, 5, 6]",4 R,CURRENT_icmp_sent,19,28
928,10,"[3, 4, 4, 4, 4, 4, 5, 5, 5, 6]",4 R,CURRENT_icmp_sent,20,29
929,10,"[3, 4, 4, 4, 4, 5, 5, 5, 5, 6]",4 R,CURRENT_icmp_sent,21,30
930,10,"[3, 4, 4, 4, 5, 5, 5, 5, 5, 6]",4 R,CURRENT_icmp_sent,22,31
931,10,"[3, 4, 4, 4, 5, 5, 5, 5, 5, 6]",4 R,CURRENT_icmp_sent,25,34
932,10,"[3, 4, 4, 5, 5, 5, 5, 5, 5, 6]",4 R,CURRENT_icmp_sent,26,35
933,10,"[3, 3, 3, 3, 4, 4, 4, 5, 5, 7]",6 R,CURRENT_icmp_recv,17,26
934,10,"[2, 3, 3, 4, 4, 4, 4, 5, 5, 7]",6 R,CURRENT_icmp_recv,20,29
935,10,"[2, 3, 3, 3, 4, 4, 4, 4, 4, 4]",8 R,CURRENT_icmp_sent,10,19
936,10,"[2, 3, 3, 3, 4, 4, 4, 4, 4, 4]",8 R,CURRENT_icmp_sent,11,20
937,10,"[2, 3, 3, 4, 4, 4, 4, 4, 4, 5]",8 R,CURRENT_icmp_sent,14,23
938,10,"[2, 3, 4, 4, 4, 4, 4, 4, 4, 5]",8 R,CURRENT_icmp_sent,15,24
939,10,"[2, 3, 3, 3, 3, 4, 4, 4, 4, 5]",8 R,CURRENT_icmp_sent,24,33
940,10,"[2, 3, 3, 3, 3, 4, 4, 4, 4, 5]",8 R,CURRENT_icmp_sent,25,34
941,10,"[3, 3, 3, 3, 3, 4, 4, 4, 4, 5]",8 R,CURRENT_icmp_sent,26,35
942,10,"[2, 4, 4, 4, 4, 5, 5, 5, 5, 7]",9 R,CURRENT_icmp_recv,10,19
943,10,"[2, 4, 4, 4, 4, 5, 5, 5, 6, 7]",9 R,CURRENT_icmp_recv,11,20
944,10,"[2, 4, 4, 5, 5, 5, 6, 6, 6, 7]",9 R,CURRENT_icmp_recv,22,31
945,10,"[2, 4, 4, 5, 5, 5, 5, 6, 6, 7]",9 R,CURRENT_icmp_recv,23,32
946,10,"[2, 3, 4, 4, 4, 4, 4, 4, 4, 5]",9 R,CURRENT_icmp_sent,16,25
947,10,"[2, 3, 4, 4, 4, 4, 4, 4, 4, 5]",9 R,CURRENT_icmp_sent,17,26
948,10,"[2, 3, 4, 4, 4, 4, 4, 4, 4, 6]",9 R,CURRENT_icmp_sent,18,27
949,10,"[2, 3, 4, 4, 4, 4, 4, 4, 4, 6]",9 R,CURRENT_icmp_sent,19,28
950,10,"[2, 3, 3, 4, 4, 4, 4, 4, 4, 6]",9 R,CURRENT_icmp_sent,20,29
951,10,"[2, 3, 3, 3, 4, 4, 4, 4, 4, 6]",9 R,CURRENT_icmp_sent,21,30
952,10,"[2, 3, 3, 3, 3, 4, 4, 4, 4, 6]",9 R,CURRENT_icmp_sent,22,31
953,10,"[2, 3, 3, 3, 3, 3, 4, 4, 4, 6]",9 R,CURRENT_icmp_sent,23,32
954,11,"[3, 4, 4, 4, 4, 5, 5, 6, 6, 6, 8]",10 R,CURRENT_icmp_recv,11,21
955,11,"[3, 4, 4, 4, 4, 5, 5, 6, 6, 6, 8]",10 R,CURRENT_icmp_recv,12,22
956,11,"[3, 4, 4, 4, 5, 5, 5, 6, 6, 6, 8]",10 R,CURRENT_icmp_recv,13,23
957,11,"[3, 3, 3, 4, 4, 5, 5, 5, 5, 6, 7]",10 R,CURRENT_icmp_recv,18,28
958,11,"[3, 3, 4, 4, 5, 5, 5, 5, 5, 6, 7]",10 R,CURRENT_icmp_recv,19,29
959,11,"[3, 3, 4, 4, 5, 5, 5, 5, 5, 6, 7]",10 R,CURRENT_icmp_recv,21,31
960,11,"[3, 3, 4, 4, 4, 5, 5, 5, 5, 6, 7]",10 R,CURRENT_icmp_recv,22,32
961,11,"[3, 3, 4, 4, 5, 5, 5, 5, 5, 6, 7]",10 R,CURRENT_icmp_recv,23,33
962,11,"[3, 3, 4, 4, 5, 5, 5, 5, 5, 6, 7]",10 R,CURRENT_icmp_recv,24,34
963,11,"[2, 2, 2, 2, 2, 3, 3, 3, 3, 4, 4]",11 R,CURRENT_icmp_recv,11,21
964,11,"[2, 2, 2, 2, 3, 3, 3, 3, 3, 4, 4]",11 R,CURRENT_icmp_recv,13,23
965,11,"[2, 2, 2, 2, 2, 3, 3, 3, 3, 4, 4]",11 R,CURRENT_icmp_recv,14,24
966,11,"[2, 2, 2, 2, 3, 3, 3, 3, 3, 4, 4]",11 R,CURRENT_icmp_recv,15,25
967,11,"[2, 2, 2, 2, 3, 3, 3, 3, 3, 4, 4]",11 R,CURRENT_icmp_recv,16,26
968,11,"[2, 2, 2, 3, 3, 3, 3, 3, 3, 4, 4]",11 R,CURRENT_icmp_recv,17,27
969,11,"[2, 2, 2, 3, 3, 3, 3, 3, 3, 4, 4]",11 R,CURRENT_icmp_recv,18,28
970,11,"[2, 2, 2, 3, 3, 3, 3, 3, 3, 4, 4]",11 R,CURRENT_icmp_recv,19,29
971,11,"[2, 2, 2, 2, 3, 3, 3, 3, 3, 3, 4]",11 R,CURRENT_icmp_recv,20,30
972,11,"[2, 2, 2, 3, 3, 3, 3, 3, 3, 3, 4]",11 R,CURRENT_icmp_recv,21,31
973,11,"[2, 2, 2, 2, 3, 3, 3, 3, 3, 3, 4]",11 R,CURRENT_icmp_recv,22,32
974,11,"[2, 2, 2, 2, 3, 3, 3, 3, 3, 3, 4]",11 R,CURRENT_icmp_recv,23,33
975,11,"[2, 2, 2, 2, 3, 3, 3, 3, 3, 3, 4]",11 R,CURRENT_icmp_recv,24,34
976,11,"[2, 2, 2, 3, 3, 3, 3, 3, 3, 3, 4]",11 R,CURRENT_icmp_recv,25,35
977,11,"[2, 3, 3, 3, 3, 4, 4, 4, 4, 4, 5]",11 R,CURRENT_icmp_sent,11,21
978,11,"[2, 3, 3, 3, 4, 4, 4, 4, 4, 4, 5]",11 R,CURRENT_icmp_sent,12,22
979,11,"[2, 3, 3, 4, 4, 4, 4, 4, 4, 4, 5]",11 R,CURRENT_icmp_sent,13,23
980,11,"[2, 2, 3, 3, 4, 4, 4, 4, 4, 4, 5]",11 R,CURRENT_icmp_sent,14,24
981,11,"[2, 2, 3, 3, 4, 4, 4, 4, 4, 4, 5]",11 R,CURRENT_icmp_sent,15,25
982,11,"[2, 2, 3, 3, 4, 4, 4, 4, 4, 4, 5]",11 R,CURRENT_icmp_sent,16,26
983,11,"[2, 2, 3, 3, 4, 4, 4, 4, 4, 4, 4]",11 R,CURRENT_icmp_sent,17,27
984,11,"[2, 2, 3, 3, 4, 4, 4, 4, 4, 4, 4]",11 R,CURRENT_icmp_sent,18,28
985,11,"[2, 2, 3, 3, 4, 4, 4, 4, 4, 4, 4]",11 R,CURRENT_icmp_sent,19,29
986,11,"[2, 2, 3, 3, 4, 4, 4, 4, 4, 4, 4]",11 R,CURRENT_icmp_sent,20,30
987,11,"[2, 2, 3, 3, 4, 4, 4, 4, 4, 4, 4]",11 R,CURRENT_icmp_sent,21,31
988,11,"[2, 3, 3, 3, 4, 4, 4, 4, 4, 4, 4]",11 R,CURRENT_icmp_sent,22,32
989,11,"[2, 3, 3, 3, 3, 4, 4, 4, 4, 4, 4]",11 R,CURRENT_icmp_sent,23,33
990,11,"[2, 3, 3, 3, 3, 4, 4, 4, 4, 4, 4]",11 R,CURRENT_icmp_sent,24,34
991,11,"[3, 3, 3, 3, 4, 4, 4, 4, 4, 4, 6]",11 R,CURRENT_icmp_sent,25,35
992,11,"[2, 2, 3, 3, 4, 4, 4, 4, 4, 4, 4]",12 R,CURRENT_icmp_sent,11,21
993,11,"[2, 3, 3, 4, 4, 4, 4, 4, 4, 4, 4]",12 R,CURRENT_icmp_sent,12,22
994,11,"[2, 3, 3, 3, 4, 4, 4, 4, 4, 4, 4]",12 R,CURRENT_icmp_sent,13,23
995,11,"[2, 3, 3, 3, 4, 4, 4, 4, 4, 4, 5]",12 R,CURRENT_icmp_sent,14,24
996,11,"[2, 3, 3, 3, 4, 4, 4, 4, 4, 4, 5]",12 R,CURRENT_icmp_sent,15,25
997,11,"[3, 3, 3, 3, 4, 4, 4, 4, 4, 4, 5]",12 R,CURRENT_icmp_sent,16,26
998,11,"[3, 3, 3, 3, 4, 4, 4, 4, 4, 4, 5]",12 R,CURRENT_icmp_sent,17,27
999,11,"[3, 3, 3, 3, 3, 4, 4, 4, 4, 4, 5]",12 R,CURRENT_icmp_sent,18,28
1000,11,"[3, 3, 3, 3, 3, 4, 4, 4, 4, 4, 5]",12 R,CURRENT_icmp_sent,19,29
1001,11,"[3, 3, 3, 3, 4, 4, 4, 4, 4, 4, 5]",12 R,CURRENT_icmp_sent,20,30
1002,11,"[3, 3, 3, 3, 4, 4, 4, 4, 4, 4, 5]",12 R,CURRENT_icmp_sent,21,31
1003,11,"[3, 3, 3, 3, 3, 4, 4, 4, 4, 4, 5]",12 R,CURRENT_icmp_sent,22,32
1004,11,"[3, 3, 3, 3, 3, 4, 4, 4, 4, 4, 5]",12 R,CURRENT_icmp_sent,23,33
1005,11,"[3, 3, 3, 3, 4, 4, 4, 4, 4, 5, 5]",12 R,CURRENT_icmp_sent,24,34
1006,11,"[3, 3, 3, 3, 4, 4, 4, 4, 4, 4, 5]",12 R,CURRENT_icmp_sent,25,35
1007,11,"[4, 4, 4, 5, 5, 5, 6, 6, 6, 7, 9]",13 R,CURRENT_icmp_recv,13,23
1008,11,"[4, 4, 4, 5, 5, 5, 5, 6, 6, 7, 9]",13 R,CURRENT_icmp_recv,14,24
1009,11,"[3, 4, 4, 4, 5, 5, 5, 6, 6, 7, 9]",13 R,CURRENT_icmp_recv,15,25
1010,11,"[3, 4, 4, 5, 5, 5, 6, 6, 6, 7, 9]",13 R,CURRENT_icmp_recv,16,26
1011,11,"[3, 4, 4, 5, 5, 5, 6, 6, 6, 7, 9]",13 R,CURRENT_icmp_recv,17,27
1012,11,"[3, 4, 4, 4, 5, 5, 5, 6, 6, 7, 9]",13 R,CURRENT_icmp_recv,18,28
1013,11,"[3, 4, 4, 5, 5, 5, 5, 6, 6, 7, 9]",13 R,CURRENT_icmp_recv,19,29
1014,11,"[3, 4, 4, 5, 5, 5, 5, 6, 6, 7, 9]",13 R,CURRENT_icmp_recv,20,30
1015,11,"[3, 4, 4, 5, 5, 5, 5, 6, 6, 7, 9]",13 R,CURRENT_icmp_recv,21,31
1016,11,"[3, 4, 4, 4, 5, 5, 5, 6, 6, 7, 9]",13 R,CURRENT_icmp_recv,22,32
1017,11,"[3, 4, 4, 5, 5, 5, 6, 6, 6, 7, 9]",13 R,CURRENT_icmp_recv,23,33
1018,11,"[0, 2, 2, 3, 3, 3, 3, 3, 4, 4, 4]",2 R,CURRENT_icmp_recv,14,24
1019,11,"[0, 2, 2, 3, 3, 3, 3, 3, 3, 4, 4]",2 R,CURRENT_icmp_recv,15,25
1020,11,"[0, 2, 2, 3, 3, 3, 3, 3, 4, 4, 4]",2 R,CURRENT_icmp_recv,16,26
1021,11,"[0, 2, 2, 3, 3, 3, 3, 4, 4, 4, 4]",2 R,CURRENT_icmp_recv,17,27
1022,11,"[0, 2, 2, 3, 3, 3, 3, 4, 4, 4, 4]",2 R,CURRENT_icmp_recv,18,28
1023,11,"[0, 2, 3, 3, 3, 3, 3, 4, 4, 4, 4]",2 R,CURRENT_icmp_recv,19,29
1024,11,"[0, 2, 3, 3, 3, 3, 3, 3, 4, 4, 4]",2 R,CURRENT_icmp_recv,20,30
1025,11,"[0, 2, 3, 3, 3, 3, 3, 3, 4, 4, 4]",2 R,CURRENT_icmp_recv,21,31
1026,11,"[0, 2, 2, 3, 3, 3, 3, 3, 4, 4, 4]",2 R,CURRENT_icmp_recv,22,32
1027,11,"[0, 2, 2, 3, 3, 3, 3, 3, 3, 4, 4]",2 R,CURRENT_icmp_recv,23,33
1028,11,"[0, 2, 2, 3, 3, 3, 3, 3, 4, 4, 5]",2 R,CURRENT_icmp_recv,24,34
1029,11,"[2, 2, 3, 3, 3, 3, 3, 4, 4, 4, 5]",2 R,CURRENT_icmp_recv,25,35
1030,11,"[3, 3, 3, 3, 4, 4, 4, 4, 4, 5, 5]",2 R,CURRENT_icmp_sent,11,21
1031,11,"[3, 3, 3, 3, 4, 4, 4, 4, 4, 4, 5]",2 R,CURRENT_icmp_sent,12,22
1032,11,"[3, 3, 3, 3, 4, 4, 4, 4, 4, 5, 5]",2 R,CURRENT_icmp_sent,13,23
1033,11,"[2, 3, 3, 3, 3, 4, 4, 4, 4, 5, 5]",2 R,CURRENT_icmp_sent,14,24
1034,11,"[2, 3, 3, 3, 3, 3, 4, 4, 4, 5, 5]",2 R,CURRENT_icmp_sent,15,25
1035,11,"[2, 3, 3, 3, 3, 4, 4, 4, 4, 5, 5]",2 R,CURRENT_icmp_sent,16,26
1036,11,"[2, 3, 3, 3, 3, 4, 4, 4, 4, 5, 5]",2 R,CURRENT_icmp_sent,21,31
1037,11,"[2, 3, 3, 3, 3, 4, 4, 4, 4, 5, 5]",2 R,CURRENT_icmp_sent,22,32
1038,11,"[2, 3, 3, 3, 3, 3, 4, 4, 4, 5, 5]",2 R,CURRENT_icmp_sent,23,33
1039,11,"[2, 3, 3, 3, 3, 3, 4, 4, 4, 5, 5]",2 R,CURRENT_icmp_sent,24,34
1040,11,"[3, 3, 3, 3, 3, 3, 4, 4, 4, 5, 5]",2 R,CURRENT_icmp_sent,25,35
1041,11,"[4, 4, 5, 5, 5, 5, 5, 6, 6, 8, 8]",3 R,CURRENT_icmp_sent,12,22
1042,11,"[4, 4, 5, 5, 5, 5, 6, 6, 6, 8, 8]",3 R,CURRENT_icmp_sent,13,23
1043,11,"[4, 4, 5, 5, 6, 6, 6, 6, 6, 8, 8]",3 R,CURRENT_icmp_sent,17,27
1044,11,"[4, 5, 5, 5, 6, 6, 6, 6, 6, 8, 8]",3 R,CURRENT_icmp_sent,18,28
1045,11,"[5, 5, 5, 6, 6, 6, 6, 6, 6, 8, 8]",3 R,CURRENT_icmp_sent,19,29
1046,11,"[5, 5, 5, 6, 6, 6, 6, 6, 6, 6, 8]",3 R,CURRENT_icmp_sent,20,30
1047,11,"[5, 5, 5, 6, 6, 6, 6, 6, 6, 6, 8]",3 R,CURRENT_icmp_sent,21,31
1048,11,"[5, 5, 5, 5, 6, 6, 6, 6, 6, 6, 8]",3 R,CURRENT_icmp_sent,22,32
1049,11,"[5, 5, 5, 6, 6, 6, 6, 6, 6, 6, 8]",3 R,CURRENT_icmp_sent,23,33
1050,11,"[5, 5, 5, 6, 6, 6, 6, 6, 6, 8, 8]",3 R,CURRENT_icmp_sent,24,34
1051,11,"[4, 5, 5, 5, 6, 6, 6, 6, 6, 6, 8]",3 R,CURRENT_icmp_sent,25,35
1052,11,"[2, 3, 3, 3, 3, 3, 3, 4, 4, 6, 6]",4 R,CURRENT_icmp_recv,11,21
1053,11,"[2, 3, 3, 3, 3, 3, 3, 3, 4, 6, 6]",4 R,CURRENT_icmp_recv,12,22
1054,11,"[2, 3, 3, 3, 3, 3, 3, 3, 4, 6, 6]",4 R,CURRENT_icmp_recv,13,23
1055,11,"[2, 3, 3, 3, 3, 3, 3, 4, 4, 6, 6]",4 R,CURRENT_icmp_recv,14,24
1056,11,"[3, 3, 3, 3, 3, 3, 3, 4, 4, 6, 6]",4 R,CURRENT_icmp_recv,15,25
1057,11,"[3, 3, 3, 3, 3, 3, 3, 4, 4, 5, 6]",4 R,CURRENT_icmp_recv,17,27
1058,11,"[3, 3, 3, 3, 3, 3, 3, 4, 4, 5, 6]",4 R,CURRENT_icmp_recv,18,28
1059,11,"[3, 3, 3, 3, 3, 3, 4, 4, 4, 5, 6]",4 R,CURRENT_icmp_recv,19,29
1060,11,"[3, 3, 3, 3, 3, 4, 4, 4, 4, 5, 6]",4 R,CURRENT_icmp_recv,20,30
1061,11,"[3, 3, 3, 3, 3, 3, 4, 4, 4, 5, 6]",4 R,CURRENT_icmp_recv,21,31
1062,11,"[2, 3, 3, 3, 3, 3, 4, 4, 4, 5, 6]",4 R,CURRENT_icmp_recv,22,32
1063,11,"[2, 3, 3, 3, 3, 4, 4, 4, 4, 5, 5]",4 R,CURRENT_icmp_recv,24,34
1064,11,"[2, 3, 3, 3, 3, 3, 4, 4, 4, 5, 5]",4 R,CURRENT_icmp_recv,25,35
1065,11,"[4, 4, 4, 5, 5, 5, 5, 5, 5, 6, 6]",4 R,CURRENT_icmp_sent,11,21
1066,11,"[4, 4, 4, 4, 5, 5, 5, 5, 5, 5, 6]",4 R,CURRENT_icmp_sent,12,22
1067,11,"[3, 4, 4, 4, 4, 5, 5, 5, 5, 5, 5]",4 R,CURRENT_icmp_sent,14,24
1068,11,"[3, 4, 4, 4, 4, 4, 5, 5, 5, 5, 5]",4 R,CURRENT_icmp_sent,15,25
1069,11,"[3, 4, 4, 4, 4, 4, 5, 5, 5, 5, 6]",4 R,CURRENT_icmp_sent,16,26
1070,11,"[3, 4, 4, 4, 4, 4, 5, 5, 5, 5, 6]",4 R,CURRENT_icmp_sent,17,27
1071,11,"[3, 4, 4, 4, 4, 4, 5, 5, 5, 5, 6]",4 R,CURRENT_icmp_sent,18,28
1072,11,"[3, 4, 4, 4, 4, 4, 5, 5, 5, 5, 6]",4 R,CURRENT_icmp_sent,19,29
1073,11,"[3, 4, 4, 4, 4, 4, 5, 5, 5, 5, 6]",4 R,CURRENT_icmp_sent,20,30
1074,11,"[3, 4, 4, 4, 4, 5, 5, 5, 5, 5, 6]",4 R,CURRENT_icmp_sent,21,31
1075,11,"[3, 3, 4, 4, 4, 5, 5, 5, 5, 5, 6]",4 R,CURRENT_icmp_sent,22,32
1076,11,"[3, 3, 4, 4, 4, 5, 5, 5, 5, 5, 6]",4 R,CURRENT_icmp_sent,23,33
1077,11,"[3, 3, 4, 4, 4, 5, 5, 5, 5, 5, 6]",4 R,CURRENT_icmp_sent,24,34
1078,11,"[3, 4, 4, 4, 5, 5, 5, 5, 5, 5, 6]",4 R,CURRENT_icmp_sent,25,35
1079,11,"[3, 3, 3, 3, 4, 4, 4, 5, 5, 7, 7]",6 R,CURRENT_icmp_recv,11,21
1080,11,"[3, 3, 3, 3, 3, 4, 4, 5, 5, 7, 7]",6 R,CURRENT_icmp_recv,12,22
1081,11,"[3, 3, 3, 3, 3, 4, 4, 5, 5, 7, 7]",6 R,CURRENT_icmp_recv,13,23
1082,11,"[3, 3, 3, 3, 3, 4, 4, 5, 5, 7, 7]",6 R,CURRENT_icmp_recv,14,24
1083,11,"[3, 3, 3, 3, 4, 4, 4, 5, 5, 7, 7]",6 R,CURRENT_icmp_recv,15,25
1084,11,"[3, 3, 3, 3, 4, 4, 4, 5, 5, 7, 7]",6 R,CURRENT_icmp_recv,16,26
1085,11,"[3, 3, 3, 3, 4, 4, 4, 5, 5, 7, 7]",6 R,CURRENT_icmp_recv,17,27
1086,11,"[2, 3, 3, 3, 4, 4, 4, 5, 5, 7, 7]",6 R,CURRENT_icmp_recv,18,28
1087,11,"[2, 3, 3, 4, 4, 4, 4, 5, 5, 7, 7]",6 R,CURRENT_icmp_recv,19,29
1088,11,"[2, 3, 3, 4, 4, 4, 4, 5, 5, 6, 7]",6 R,CURRENT_icmp_recv,20,30
1089,11,"[2, 3, 3, 4, 4, 4, 4, 5, 5, 6, 7]",6 R,CURRENT_icmp_recv,21,31
1090,11,"[2, 3, 3, 3, 4, 4, 4, 5, 5, 6, 7]",6 R,CURRENT_icmp_recv,22,32
1091,11,"[2, 2, 3, 3, 3, 4, 4, 4, 4, 4, 4]",8 R,CURRENT_icmp_sent,11,21
1092,11,"[2, 2, 3, 3, 4, 4, 4, 4, 4, 4, 4]",8 R,CURRENT_icmp_sent,12,22
1093,11,"[2, 2, 3, 3, 4, 4, 4, 4, 4, 4, 5]",8 R,CURRENT_icmp_sent,13,23
1094,11,"[2, 3, 3, 4, 4, 4, 4, 4, 4, 4, 5]",8 R,CURRENT_icmp_sent,14,24
1095,11,"[2, 2, 3, 4, 4, 4, 4, 4, 4, 4, 5]",8 R,CURRENT_icmp_sent,15,25
1096,11,"[2, 2, 3, 3, 4, 4, 4, 4, 4, 4, 5]",8 R,CURRENT_icmp_sent,16,26
1097,11,"[2, 3, 3, 3, 3, 4, 4, 4, 4, 5, 5]",8 R,CURRENT_icmp_sent,22,32
1098,11,"[2, 3, 3, 3, 3, 4, 4, 4, 4, 5, 5]",8 R,CURRENT_icmp_sent,23,33
1099,11,"[2, 3, 3, 3, 3, 4, 4, 4, 4, 4, 5]",8 R,CURRENT_icmp_sent,24,34
1100,11,"[2, 3, 3, 3, 3, 3, 4, 4, 4, 4, 5]",8 R,CURRENT_icmp_sent,25,35
1101,11,"[2, 3, 4, 4, 4, 4, 5, 5, 5, 6, 7]",9 R,CURRENT_icmp_recv,11,21
1102,11,"[2, 3, 4, 4, 4, 5, 5, 5, 6, 6, 7]",9 R,CURRENT_icmp_recv,12,22
1103,11,"[2, 3, 4, 4, 5, 5, 5, 6, 6, 6, 7]",9 R,CURRENT_icmp_recv,13,23
1104,11,"[2, 3, 4, 4, 5, 5, 5, 6, 6, 6, 7]",9 R,CURRENT_icmp_recv,14,24
1105,11,"[2, 3, 4, 4, 5, 5, 5, 6, 6, 6, 7]",9 R,CURRENT_icmp_recv,15,25
1106,11,"[2, 3, 4, 4, 5, 5, 6, 6, 6, 7, 7]",9 R,CURRENT_icmp_recv,16,26
1107,11,"[2, 3, 4, 4, 5, 5, 6, 6, 6, 7, 7]",9 R,CURRENT_icmp_recv,17,27
1108,11,"[2, 3, 4, 5, 5, 5, 6, 6, 6, 7, 7]",9 R,CURRENT_icmp_recv,19,29
1109,11,"[2, 3, 4, 5, 5, 5, 6, 6, 6, 6, 7]",9 R,CURRENT_icmp_recv,20,30
1110,11,"[2, 3, 4, 4, 5, 5, 5, 6, 6, 6, 7]",9 R,CURRENT_icmp_recv,21,31
1111,11,"[2, 4, 4, 5, 5, 5, 5, 6, 6, 6, 7]",9 R,CURRENT_icmp_recv,22,32
1112,11,"[2, 3, 4, 4, 5, 5, 5, 5, 6, 6, 7]",9 R,CURRENT_icmp_recv,23,33
1113,11,"[2, 3, 4, 4, 5, 5, 5, 5, 6, 7, 9]",9 R,CURRENT_icmp_recv,24,34
1114,11,"[2, 3, 3, 4, 4, 5, 5, 5, 6, 7, 9]",9 R,CURRENT_icmp_recv,25,35
1115,11,"[2, 2, 3, 4, 4, 4, 4, 4, 4, 4, 5]",9 R,CURRENT_icmp_sent,11,21
1116,11,"[2, 2, 3, 4, 4, 4, 4, 4, 4, 4, 5]",9 R,CURRENT_icmp_sent,12,22
1117,11,"[2, 2, 3, 4, 4, 4, 4, 4, 4, 4, 5]",9 R,CURRENT_icmp_sent,13,23
1118,11,"[2, 2, 3, 3, 4, 4, 4, 4, 4, 4, 5]",9 R,CURRENT_icmp_sent,14,24
1119,11,"[2, 2, 3, 4, 4, 4, 4, 4, 4, 4, 5]",9 R,CURRENT_icmp_sent,15,25
1120,11,"[2, 3, 4, 4, 4, 4, 4, 4, 4, 4, 5]",9 R,CURRENT_icmp_sent,16,26
1121,11,"[2, 3, 4, 4, 4, 4, 4, 4, 4, 5, 6]",9 R,CURRENT_icmp_sent,17,27
1122,11,"[2, 2, 3, 4, 4, 4, 4, 4, 4, 4, 6]",9 R,CURRENT_icmp_sent,18,28
1123,11,"[2, 3, 3, 4, 4, 4, 4, 4, 4, 4, 6]",9 R,CURRENT_icmp_sent,19,29
1124,11,"[2, 3, 3, 3, 4, 4, 4, 4, 4, 4, 6]",9 R,CURRENT_icmp_sent,20,30
1125,11,"[2, 3, 3, 3, 3, 4, 4, 4, 4, 4, 6]",9 R,CURRENT_icmp_sent,21,31
1126,11,"[2, 3, 3, 3, 3, 3, 4, 4, 4, 4, 6]",9 R,CURRENT_icmp_sent,22,32
1127,11,"[2, 3, 3, 3, 3, 3, 4, 4, 4, 5, 6]",9 R,CURRENT_icmp_sent,23,33
1128,11,"[2, 2, 3, 3, 3, 3, 3, 4, 4, 5, 6]",9 R,CURRENT_icmp_sent,24,34
